{"nm":"ë±ì 1","ddd":0,"h":900,"w":1200,"meta":{"g":"LottieFiles Figma v79"},"layers":[{"ty":4,"nm":"Rectangle 1273","sr":1,"st":0,"op":61.12,"ip":0,"hd":false,"ddd":0,"bm":0,"hasMask":false,"ao":0,"ks":{"a":{"a":0,"k":[10.13,17.54]},"s":{"a":0,"k":[100,100]},"sk":{"a":0,"k":0},"p":{"a":1,"k":[{"o":{"x":0,"y":0},"i":{"x":1,"y":1},"s":[535.25,312.54],"t":0},{"o":{"x":0,"y":0},"i":{"x":1,"y":1},"s":[524.25,432.54],"t":30},{"s":[535.25,312.54],"t":60}]},"r":{"a":0,"k":60},"sa":{"a":0,"k":0},"o":{"a":0,"k":100}},"shapes":[{"ty":"sh","bm":0,"hd":false,"nm":"","d":1,"ks":{"a":0,"k":{"c":true,"i":[[0,0],[-1.05,0.87],[0,0],[0.21,-3.49],[0,0],[1.95,-0.64],[0,0],[-0.2,2.83],[0,0]],"o":[[0.1,-1.36],[0,0],[2.69,-2.23],[0,0],[-0.12,2.05],[0,0],[-2.7,0.88],[0,0],[0,0]],"v":[[1.21,17.79],[3.01,14.28],[13.15,5.88],[19.7,9.2],[18.71,25.62],[15.27,30.07],[5.65,33.22],[0.41,29.14],[1.21,17.79]]}}},{"ty":"fl","bm":0,"hd":false,"nm":"","c":{"a":0,"k":[0.338,0.2909,0.2333]},"r":1,"o":{"a":0,"k":100}}],"ind":1},{"ty":0,"nm":"letter","sr":1,"st":0,"op":61.12,"ip":0,"hd":false,"ddd":0,"bm":0,"hasMask":false,"ao":0,"ks":{"a":{"a":0,"k":[86.39,54.71]},"s":{"a":0,"k":[100,100]},"sk":{"a":0,"k":0},"p":{"a":1,"k":[{"o":{"x":0,"y":0},"i":{"x":1,"y":1},"s":[532.06,375.38],"t":0},{"o":{"x":0,"y":0},"i":{"x":1,"y":1},"s":[521.06,495.38],"t":30},{"s":[532.06,375.38],"t":60}]},"r":{"a":0,"k":1.79},"sa":{"a":0,"k":0},"o":{"a":0,"k":100}},"ef":[{"ty":25,"nm":"","en":1,"ef":[{"ty":2,"nm":"color","v":{"a":1,"k":[{"o":{"x":0,"y":0},"i":{"x":1,"y":1},"s":[0.6637,0.4984,0.4433,0.3],"t":0},{"o":{"x":0,"y":0},"i":{"x":1,"y":1},"s":[0.6637,0.4984,0.4433,0.3],"t":30},{"s":[0.6637,0.4984,0.4433,0.3],"t":60}]}},{"ty":0,"nm":"opacity","v":{"a":1,"k":[{"o":{"x":0,"y":0},"i":{"x":1,"y":1},"s":[76.8],"t":0},{"o":{"x":0,"y":0},"i":{"x":1,"y":1},"s":[76.8],"t":30},{"s":[76.8],"t":60}]}},{"ty":1,"nm":"angle","v":{"a":1,"k":[{"o":{"x":0,"y":0},"i":{"x":1,"y":1},"s":[151.65],"t":0},{"o":{"x":0,"y":0},"i":{"x":1,"y":1},"s":[151.65],"t":30},{"s":[151.65],"t":60}]}},{"ty":0,"nm":"distance","v":{"a":1,"k":[{"o":{"x":0,"y":0},"i":{"x":1,"y":1},"s":[12.76],"t":0},{"o":{"x":0,"y":0},"i":{"x":1,"y":1},"s":[12.76],"t":30},{"s":[12.76],"t":60}]}},{"ty":0,"nm":"blur","v":{"a":1,"k":[{"o":{"x":0,"y":0},"i":{"x":1,"y":1},"s":[22.83],"t":0},{"o":{"x":0,"y":0},"i":{"x":1,"y":1},"s":[22.83],"t":30},{"s":[22.83],"t":60}]}}]}],"w":1200,"h":900,"refId":"1","ind":2},{"ty":0,"nm":"Group 24","sr":1,"st":0,"op":61.12,"ip":0,"hd":false,"ddd":0,"bm":0,"hasMask":false,"ao":0,"ks":{"a":{"a":0,"k":[23.17,25.19]},"s":{"a":0,"k":[100,100]},"sk":{"a":0,"k":0},"p":{"a":1,"k":[{"o":{"x":0,"y":0},"i":{"x":1,"y":1},"s":[633.09,485.21],"t":0},{"o":{"x":0,"y":0},"i":{"x":1,"y":1},"s":[622.09,605.21],"t":30},{"s":[633.09,485.21],"t":60}]},"r":{"a":0,"k":32.58},"sa":{"a":0,"k":0},"o":{"a":0,"k":100}},"w":1200,"h":900,"refId":"3","ind":3},{"ty":0,"nm":"Group 23","sr":1,"st":0,"op":61.12,"ip":0,"hd":false,"ddd":0,"bm":0,"hasMask":false,"ao":0,"ks":{"a":{"a":0,"k":[21.28,23.13]},"s":{"a":0,"k":[100,100]},"sk":{"a":0,"k":0},"p":{"a":1,"k":[{"o":{"x":0,"y":0},"i":{"x":1,"y":1},"s":[439.14,476.21],"t":0},{"o":{"x":0,"y":0},"i":{"x":1,"y":1},"s":[428.14,596.21],"t":30},{"s":[439.14,476.21],"t":60}]},"r":{"a":0,"k":-3.09},"sa":{"a":0,"k":0},"o":{"a":0,"k":100}},"w":1200,"h":900,"refId":"4","ind":4},{"ty":4,"nm":"Ellipse 1279","sr":1,"st":0,"op":61.12,"ip":0,"hd":false,"ddd":0,"bm":0,"hasMask":false,"ao":0,"ks":{"a":{"a":0,"k":[12,12]},"s":{"a":0,"k":[100,100]},"sk":{"a":0,"k":0},"p":{"a":1,"k":[{"o":{"x":0,"y":0},"i":{"x":1,"y":1},"s":[486,298],"t":0},{"o":{"x":0,"y":0},"i":{"x":1,"y":1},"s":[475,418],"t":30},{"s":[486,298],"t":60}]},"r":{"a":0,"k":0},"sa":{"a":0,"k":0},"o":{"a":0,"k":100}},"shapes":[{"ty":"sh","bm":0,"hd":false,"nm":"","d":1,"ks":{"a":0,"k":{"c":true,"i":[[0,0],[6.63,0],[0,6.63],[-6.63,0],[0,-6.63]],"o":[[0,6.63],[-6.63,0],[0,-6.63],[6.63,0],[0,0]],"v":[[24,12],[12,24],[0,12],[12,0],[24,12]]}}},{"ty":"fl","bm":0,"hd":false,"nm":"","c":{"a":0,"k":[0.1546,0.1546,0.1546]},"r":1,"o":{"a":0,"k":100}}],"ind":5},{"ty":4,"nm":"Ellipse 1278","sr":1,"st":0,"op":61.12,"ip":0,"hd":false,"ddd":0,"bm":0,"hasMask":false,"ao":0,"ks":{"a":{"a":0,"k":[12,12]},"s":{"a":0,"k":[100,100]},"sk":{"a":0,"k":0},"p":{"a":1,"k":[{"o":{"x":0,"y":0},"i":{"x":1,"y":1},"s":[590,301],"t":0},{"o":{"x":0,"y":0},"i":{"x":1,"y":1},"s":[579,421],"t":30},{"s":[590,301],"t":60}]},"r":{"a":0,"k":0},"sa":{"a":0,"k":0},"o":{"a":0,"k":100}},"shapes":[{"ty":"sh","bm":0,"hd":false,"nm":"","d":1,"ks":{"a":0,"k":{"c":true,"i":[[0,0],[6.63,0],[0,6.63],[-6.63,0],[0,-6.63]],"o":[[0,6.63],[-6.63,0],[0,-6.63],[6.63,0],[0,0]],"v":[[24,12],[12,24],[0,12],[12,0],[24,12]]}}},{"ty":"fl","bm":0,"hd":false,"nm":"","c":{"a":0,"k":[0.1546,0.1546,0.1546]},"r":1,"o":{"a":0,"k":100}}],"ind":6},{"ty":4,"nm":"Ellipse 1259","sr":1,"st":0,"op":61.12,"ip":0,"hd":false,"ddd":0,"bm":0,"hasMask":false,"ao":0,"ks":{"a":{"a":0,"k":[187.5,206]},"s":{"a":0,"k":[100,100]},"sk":{"a":0,"k":0},"p":{"a":1,"k":[{"o":{"x":0,"y":0},"i":{"x":1,"y":1},"s":[598.5,359],"t":0},{"o":{"x":0,"y":0},"i":{"x":1,"y":1},"s":[587.5,479],"t":30},{"s":[598.5,359],"t":60}]},"r":{"a":0,"k":0},"sa":{"a":0,"k":0},"o":{"a":0,"k":100}},"shapes":[{"ty":"sh","bm":0,"hd":false,"nm":"","d":1,"ks":{"a":0,"k":{"c":true,"i":[[0,0],[103.55,0],[0,116.26],[-103.55,0],[0,-116.26]],"o":[[0,116.26],[-103.55,0],[0,-116.26],[103.55,0],[0,0]],"v":[[375,225.5],[189.5,412],[0,225.5],[187.5,0],[375,225.5]]}}},{"ty":"fl","bm":0,"hd":false,"nm":"","c":{"a":0,"k":[0.8549,0.7922,0.6863]},"r":1,"o":{"a":0,"k":100}}],"ind":7},{"ty":4,"nm":"Vector 389","sr":1,"st":0,"op":61.12,"ip":0,"hd":false,"ddd":0,"bm":0,"hasMask":false,"ao":0,"ks":{"a":{"a":0,"k":[61,56.5]},"s":{"a":0,"k":[100,-100]},"sk":{"a":0,"k":0},"p":{"a":1,"k":[{"o":{"x":0,"y":0},"i":{"x":1,"y":1},"s":[430,307.5],"t":0},{"o":{"x":0,"y":0},"i":{"x":1,"y":1},"s":[378.53,479.6],"t":30},{"s":[430,307.5],"t":60}]},"r":{"a":1,"k":[{"o":{"x":0,"y":0},"i":{"x":1,"y":1},"s":[-180],"t":0},{"o":{"x":0,"y":0},"i":{"x":1,"y":1},"s":[-243.98],"t":30},{"s":[-180],"t":60}]},"sa":{"a":0,"k":0},"o":{"a":0,"k":100}},"shapes":[{"ty":"sh","bm":0,"hd":false,"nm":"","d":1,"ks":{"a":0,"k":{"c":true,"i":[[0,0],[-2.81,-14.51],[0,0],[1.61,7.42],[38.19,-20.06]],"o":[[-30.56,16.04],[0,0],[76.59,2.21],[-1.61,-7.42],[0,0]],"v":[[30.67,47.18],[0.92,110.76],[18.01,112.97],[121.94,1.05],[30.67,47.18]]}}},{"ty":"fl","bm":0,"hd":false,"nm":"","c":{"a":0,"k":[0.8167,0.7455,0.6251]},"r":1,"o":{"a":0,"k":100}}],"ind":8},{"ty":4,"nm":"Vector 388","sr":1,"st":0,"op":61.12,"ip":0,"hd":false,"ddd":0,"bm":0,"hasMask":false,"ao":0,"ks":{"a":{"a":0,"k":[67,62]},"s":{"a":0,"k":[100,100]},"sk":{"a":0,"k":0},"p":{"a":1,"k":[{"o":{"x":0,"y":0},"i":{"x":1,"y":1},"s":[786,313],"t":0},{"o":{"x":0,"y":0},"i":{"x":1,"y":1},"s":[797.04,476.93],"t":30},{"s":[786,313],"t":60}]},"r":{"a":1,"k":[{"o":{"x":0,"y":0},"i":{"x":1,"y":1},"s":[0],"t":0},{"o":{"x":0,"y":0},"i":{"x":1,"y":1},"s":[52.24],"t":30},{"s":[0],"t":60}]},"sa":{"a":0,"k":0},"o":{"a":0,"k":100}},"shapes":[{"ty":"sh","bm":0,"hd":false,"nm":"","d":1,"ks":{"a":0,"k":{"c":true,"i":[[0,0],[-3.09,-15.92],[0,0],[1.77,8.14],[41.95,-22.01]],"o":[[-33.56,17.61],[0,0],[84.12,2.42],[-1.77,-8.14],[0,0]],"v":[[33.69,51.78],[1.01,121.54],[19.78,123.96],[133.93,1.16],[33.69,51.78]]}}},{"ty":"fl","bm":0,"hd":false,"nm":"","c":{"a":0,"k":[0.8167,0.7455,0.6251]},"r":1,"o":{"a":0,"k":100}}],"ind":9}],"v":"5.7.0","fr":60,"op":60.12,"ip":0,"assets":[{"nm":"[Asset] letter","id":"1","layers":[{"ty":0,"nm":"wax","sr":1,"st":0,"op":61.12,"ip":0,"hd":false,"ddd":0,"bm":0,"hasMask":false,"ao":0,"ks":{"a":{"a":0,"k":[19.91,20.07]},"s":{"a":0,"k":[100,100]},"sk":{"a":0,"k":0},"p":{"a":0,"k":[86.15,51.75]},"r":{"a":0,"k":0},"sa":{"a":0,"k":0},"o":{"a":0,"k":100}},"w":1200,"h":900,"refId":"2","ind":1},{"ty":4,"nm":"Rectangle 6859","sr":1,"st":0,"op":61.12,"ip":0,"hd":false,"ddd":0,"bm":0,"hasMask":false,"ao":0,"ks":{"a":{"a":0,"k":[86.39,24.48]},"s":{"a":0,"k":[100,100]},"sk":{"a":0,"k":0},"p":{"a":0,"k":[86.39,24.48]},"r":{"a":0,"k":0},"sa":{"a":0,"k":0},"o":{"a":0,"k":100}},"ef":[{"ty":25,"nm":"","en":1,"ef":[{"ty":2,"nm":"color","v":{"a":1,"k":[{"o":{"x":0,"y":0},"i":{"x":1,"y":1},"s":[0.9138,0.902,0.8589],"t":0},{"o":{"x":0,"y":0},"i":{"x":1,"y":1},"s":[0.9138,0.902,0.8589],"t":30},{"s":[0.9138,0.902,0.8589],"t":60}]}},{"ty":0,"nm":"opacity","v":{"a":1,"k":[{"o":{"x":0,"y":0},"i":{"x":1,"y":1},"s":[256],"t":0},{"o":{"x":0,"y":0},"i":{"x":1,"y":1},"s":[256],"t":30},{"s":[256],"t":60}]}},{"ty":1,"nm":"angle","v":{"a":1,"k":[{"o":{"x":0,"y":0},"i":{"x":1,"y":1},"s":[178.21],"t":0},{"o":{"x":0,"y":0},"i":{"x":1,"y":1},"s":[178.21],"t":30},{"s":[178.21],"t":60}]}},{"ty":0,"nm":"distance","v":{"a":1,"k":[{"o":{"x":0,"y":0},"i":{"x":1,"y":1},"s":[2.85],"t":0},{"o":{"x":0,"y":0},"i":{"x":1,"y":1},"s":[2.85],"t":30},{"s":[2.85],"t":60}]}},{"ty":0,"nm":"blur","v":{"a":1,"k":[{"o":{"x":0,"y":0},"i":{"x":1,"y":1},"s":[11.42],"t":0},{"o":{"x":0,"y":0},"i":{"x":1,"y":1},"s":[11.42],"t":30},{"s":[11.42],"t":60}]}}]}],"shapes":[{"ty":"sh","bm":0,"hd":false,"nm":"","d":1,"ks":{"a":0,"k":{"c":true,"i":[[0,0],[0,0],[0,0],[0,0]],"o":[[0,0],[0,0],[0,0],[0,0]],"v":[[172.78,0],[0,0],[86.39,48.95],[172.78,0]]}}},{"ty":"fl","bm":0,"hd":false,"nm":"","c":{"a":0,"k":[0.9765,0.9726,0.953]},"r":1,"o":{"a":0,"k":100}}],"ind":2},{"ty":4,"nm":"Rectangle 6858","sr":1,"st":0,"op":61.12,"ip":0,"hd":false,"ddd":0,"bm":0,"hasMask":false,"ao":0,"ks":{"a":{"a":0,"k":[86.39,54.71]},"s":{"a":0,"k":[100,100]},"sk":{"a":0,"k":0},"p":{"a":0,"k":[86.39,54.71]},"r":{"a":0,"k":0},"sa":{"a":0,"k":0},"o":{"a":0,"k":100}},"shapes":[{"ty":"sh","bm":0,"hd":false,"nm":"","d":1,"ks":{"a":0,"k":{"c":true,"i":[[0,0],[0,0],[0,0],[0,0]],"o":[[0,0],[0,0],[0,0],[0,0]],"v":[[172.78,0],[172.78,109.43],[0,109.43],[0,0]]}}},{"ty":"fl","bm":0,"hd":false,"nm":"","c":{"a":0,"k":[0.9765,0.9726,0.953]},"r":1,"o":{"a":0,"k":100}}],"ind":3}]},{"nm":"[Asset] wax","id":"2","layers":[{"ty":4,"nm":"Vector 52 (Stroke)","sr":1,"st":0,"op":61.12,"ip":0,"hd":false,"ddd":0,"bm":0,"hasMask":false,"ao":0,"ks":{"a":{"a":0,"k":[4.39,6.23]},"s":{"a":0,"k":[100,100]},"sk":{"a":0,"k":0},"p":{"a":0,"k":[9.49,31.66]},"r":{"a":0,"k":0},"sa":{"a":0,"k":0},"o":{"a":0,"k":100}},"ef":[{"ty":29,"nm":"","en":1,"ef":[{"ty":0,"nm":"sigma","v":{"a":1,"k":[{"o":{"x":0,"y":0},"i":{"x":1,"y":1},"s":[5.646435737609863],"t":0},{"o":{"x":0,"y":0},"i":{"x":1,"y":1},"s":[5.646435737609863],"t":30},{"s":[5.646435737609863],"t":60}]}},{"ty":0,"nm":"","v":{"a":0,"k":1}},{"ty":0,"nm":"","v":{"a":0,"k":0}}]}],"shapes":[{"ty":"sh","bm":0,"hd":false,"nm":"","d":1,"ks":{"a":0,"k":{"c":true,"i":[[0,0],[0,0],[0,0],[0,0],[0,0],[0,0],[-3.33,0.36],[0,0],[0.9,5.44],[0,0]],"o":[[0,0],[0,0],[0,0],[0,0],[0,0],[0.78,4.74],[0,0],[-3.83,0.41],[0,0],[0,0]],"v":[[0,0.21],[1.43,0],[3.25,4.64],[3.09,6.49],[1.51,3.02],[1.57,3.35],[8.71,10.95],[8.78,12.43],[0.58,3.7],[0,0.21]]}}},{"ty":"gf","bm":0,"hd":false,"nm":"","e":{"a":1,"k":[{"o":{"x":0,"y":0},"i":{"x":1,"y":1},"s":[10.391300201416016,18.250200271606445],"t":0},{"o":{"x":0,"y":0},"i":{"x":1,"y":1},"s":[10.391300201416016,18.250200271606445],"t":30},{"s":[10.391300201416016,18.250200271606445],"t":60}]},"g":{"p":2,"k":{"a":0,"k":[0,0.5954901960784313,0.7551372549019608,0.9075294117647058,1,0.5216078431372548,0.694156862745098,0.8588627450980392,0,1,1,0]}},"t":1,"a":{"a":0,"k":0},"h":{"a":0,"k":0},"s":{"a":1,"k":[{"o":{"x":0,"y":0},"i":{"x":1,"y":1},"s":[10.391300201416016,5.35591983795166],"t":0},{"o":{"x":0,"y":0},"i":{"x":1,"y":1},"s":[10.391300201416016,5.35591983795166],"t":30},{"s":[10.391300201416016,5.35591983795166],"t":60}]},"r":2,"o":{"a":0,"k":100}}],"ind":1},{"ty":4,"nm":"Ellipse 2636","sr":1,"st":0,"op":61.12,"ip":0,"hd":false,"ddd":0,"bm":0,"hasMask":false,"ao":0,"ks":{"a":{"a":0,"k":[10.16,0.66]},"s":{"a":0,"k":[100,100]},"sk":{"a":0,"k":0},"p":{"a":0,"k":[30.68,20.58]},"r":{"a":0,"k":-90},"sa":{"a":0,"k":0},"o":{"a":0,"k":100}},"ef":[{"ty":29,"nm":"","en":1,"ef":[{"ty":0,"nm":"sigma","v":{"a":1,"k":[{"o":{"x":0,"y":0},"i":{"x":1,"y":1},"s":[4.839801788330078],"t":0},{"o":{"x":0,"y":0},"i":{"x":1,"y":1},"s":[4.839801788330078],"t":30},{"s":[4.839801788330078],"t":60}]}},{"ty":0,"nm":"","v":{"a":0,"k":1}},{"ty":0,"nm":"","v":{"a":0,"k":0}}]}],"shapes":[{"ty":"sh","bm":0,"hd":false,"nm":"","d":1,"ks":{"a":0,"k":{"c":true,"i":[[0,0],[4.33,0],[0,0.14],[-4.33,0],[0,-0.14]],"o":[[0,0.14],[-4.33,0],[0,-0.14],[4.33,0],[0,0]],"v":[[20.32,0.42],[11.07,1.33],[0,0.01],[11.07,1.02],[20.32,0.42]]}}},{"ty":"fl","bm":0,"hd":false,"nm":"","c":{"a":0,"k":[0.6984,0.8192,0.9305]},"r":1,"o":{"a":0,"k":100}}],"ind":2},{"ty":4,"nm":"Ellipse 2635","sr":1,"st":0,"op":61.12,"ip":0,"hd":false,"ddd":0,"bm":0,"hasMask":false,"ao":0,"ks":{"a":{"a":0,"k":[10.16,0.66]},"s":{"a":0,"k":[100,100]},"sk":{"a":0,"k":0},"p":{"a":0,"k":[10.16,19.86]},"r":{"a":0,"k":90},"sa":{"a":0,"k":0},"o":{"a":0,"k":100}},"ef":[{"ty":29,"nm":"","en":1,"ef":[{"ty":0,"nm":"sigma","v":{"a":1,"k":[{"o":{"x":0,"y":0},"i":{"x":1,"y":1},"s":[4.839801788330078],"t":0},{"o":{"x":0,"y":0},"i":{"x":1,"y":1},"s":[4.839801788330078],"t":30},{"s":[4.839801788330078],"t":60}]}},{"ty":0,"nm":"","v":{"a":0,"k":1}},{"ty":0,"nm":"","v":{"a":0,"k":0}}]}],"shapes":[{"ty":"sh","bm":0,"hd":false,"nm":"","d":1,"ks":{"a":0,"k":{"c":true,"i":[[0,0],[4.33,0],[0,0.14],[-4.33,0],[0,-0.14]],"o":[[0,0.14],[-4.33,0],[0,-0.14],[4.33,0],[0,0]],"v":[[20.32,0.42],[11.07,1.33],[0,0.01],[11.07,1.02],[20.32,0.42]]}}},{"ty":"fl","bm":0,"hd":false,"nm":"","c":{"a":0,"k":[0.6984,0.8192,0.9305]},"r":1,"o":{"a":0,"k":100}}],"ind":3},{"ty":4,"nm":"Ellipse 2634","sr":1,"st":0,"op":61.12,"ip":0,"hd":false,"ddd":0,"bm":0,"hasMask":false,"ao":0,"ks":{"a":{"a":0,"k":[8.02,0.67]},"s":{"a":0,"k":[100,100]},"sk":{"a":0,"k":0},"p":{"a":0,"k":[20.69,8.26]},"r":{"a":0,"k":178.33},"sa":{"a":0,"k":0},"o":{"a":0,"k":100}},"ef":[{"ty":29,"nm":"","en":1,"ef":[{"ty":0,"nm":"sigma","v":{"a":1,"k":[{"o":{"x":0,"y":0},"i":{"x":1,"y":1},"s":[4.839801788330078],"t":0},{"o":{"x":0,"y":0},"i":{"x":1,"y":1},"s":[4.839801788330078],"t":30},{"s":[4.839801788330078],"t":60}]}},{"ty":0,"nm":"","v":{"a":0,"k":1}},{"ty":0,"nm":"","v":{"a":0,"k":0}}]}],"shapes":[{"ty":"sh","bm":0,"hd":false,"nm":"","d":1,"ks":{"a":0,"k":{"c":true,"i":[[0,0],[3.41,0],[0,0.14],[-3.41,0],[0,-0.14]],"o":[[0,0.14],[-3.41,0],[0,-0.14],[3.41,0],[0,0]],"v":[[16.03,0.42],[8.73,1.34],[0,0.01],[8.73,1.03],[16.03,0.42]]}}},{"ty":"fl","bm":0,"hd":false,"nm":"","c":{"a":0,"k":[0.6984,0.8192,0.9305]},"r":1,"o":{"a":0,"k":100}}],"ind":4},{"ty":4,"nm":"Ellipse 2633","sr":1,"st":0,"op":61.12,"ip":0,"hd":false,"ddd":0,"bm":0,"hasMask":false,"ao":0,"ks":{"a":{"a":0,"k":[8.02,0.67]},"s":{"a":0,"k":[100,100]},"sk":{"a":0,"k":0},"p":{"a":0,"k":[20.06,32.41]},"r":{"a":0,"k":0},"sa":{"a":0,"k":0},"o":{"a":0,"k":100}},"ef":[{"ty":29,"nm":"","en":1,"ef":[{"ty":0,"nm":"sigma","v":{"a":1,"k":[{"o":{"x":0,"y":0},"i":{"x":1,"y":1},"s":[5.646435737609863],"t":0},{"o":{"x":0,"y":0},"i":{"x":1,"y":1},"s":[5.646435737609863],"t":30},{"s":[5.646435737609863],"t":60}]}},{"ty":0,"nm":"","v":{"a":0,"k":1}},{"ty":0,"nm":"","v":{"a":0,"k":0}}]}],"shapes":[{"ty":"sh","bm":0,"hd":false,"nm":"","d":1,"ks":{"a":0,"k":{"c":true,"i":[[0,0],[3.41,0],[0,0.14],[-3.41,0],[0,-0.14]],"o":[[0,0.14],[-3.41,0],[0,-0.14],[3.41,0],[0,0]],"v":[[16.03,0.42],[8.73,1.34],[0,0.01],[8.73,1.03],[16.03,0.42]]}}},{"ty":"fl","bm":0,"hd":false,"nm":"","c":{"a":0,"k":[0.6984,0.8192,0.9305]},"r":1,"o":{"a":0,"k":100}}],"ind":5},{"ty":4,"nm":"Vector 51 (Stroke)","sr":1,"st":0,"op":61.12,"ip":0,"hd":false,"ddd":0,"bm":0,"hasMask":false,"ao":0,"ks":{"a":{"a":0,"k":[1.85,9.76]},"s":{"a":0,"k":[100,100]},"sk":{"a":0,"k":0},"p":{"a":0,"k":[3.77,26.17]},"r":{"a":0,"k":168.4},"sa":{"a":0,"k":0},"o":{"a":0,"k":100}},"ef":[{"ty":29,"nm":"","en":1,"ef":[{"ty":0,"nm":"sigma","v":{"a":1,"k":[{"o":{"x":0,"y":0},"i":{"x":1,"y":1},"s":[8.872969627380371],"t":0},{"o":{"x":0,"y":0},"i":{"x":1,"y":1},"s":[8.872969627380371],"t":30},{"s":[8.872969627380371],"t":60}]}},{"ty":0,"nm":"","v":{"a":0,"k":1}},{"ty":0,"nm":"","v":{"a":0,"k":0}}]}],"shapes":[{"ty":"sh","bm":0,"hd":false,"nm":"","d":1,"ks":{"a":0,"k":{"c":true,"i":[[0,0],[1.39,2.54],[0,0],[0.33,-3.51],[0,0],[0.37,-1.2],[0,0],[0,0],[0,0],[-0.11,1.19],[0,0]],"o":[[0.3,-3.18],[0,0],[1.53,2.81],[0,0],[-0.12,1.3],[0,0],[0,0],[0,0],[0.34,-1.1],[0,0],[0,0]],"v":[[2.71,10.11],[0.06,1.72],[2.09,0],[3.58,10.28],[3.54,10.7],[2.8,14.47],[0.8,19.51],[0,19.02],[1.99,13.99],[2.67,10.54],[2.71,10.11]]}}},{"ty":"gf","bm":0,"hd":false,"nm":"","e":{"a":1,"k":[{"o":{"x":0,"y":0},"i":{"x":1,"y":1},"s":[10.880499839782715,26.422000885009766],"t":0},{"o":{"x":0,"y":0},"i":{"x":1,"y":1},"s":[10.880499839782715,26.422000885009766],"t":30},{"s":[10.880499839782715,26.422000885009766],"t":60}]},"g":{"p":3,"k":{"a":0,"k":[0,1,1,1,0.5849999785423279,1,1,1,1,1,1,1,0,0,0.5849999785423279,0.4,1,0.1]}},"t":1,"a":{"a":0,"k":0},"h":{"a":0,"k":0},"s":{"a":1,"k":[{"o":{"x":0,"y":0},"i":{"x":1,"y":1},"s":[10.880499839782715,8.999959945678711],"t":0},{"o":{"x":0,"y":0},"i":{"x":1,"y":1},"s":[10.880499839782715,8.999959945678711],"t":30},{"s":[10.880499839782715,8.999959945678711],"t":60}]},"r":2,"o":{"a":0,"k":100}}],"ind":6},{"ty":4,"nm":"Vector 51 (Stroke)","sr":1,"st":0,"op":61.12,"ip":0,"hd":false,"ddd":0,"bm":0,"hasMask":false,"ao":0,"ks":{"a":{"a":0,"k":[2.16,10.11]},"s":{"a":0,"k":[100,100]},"sk":{"a":0,"k":0},"p":{"a":0,"k":[36.28,19.39]},"r":{"a":0,"k":-7.74},"sa":{"a":0,"k":0},"o":{"a":0,"k":100}},"ef":[{"ty":29,"nm":"","en":1,"ef":[{"ty":0,"nm":"sigma","v":{"a":1,"k":[{"o":{"x":0,"y":0},"i":{"x":1,"y":1},"s":[8.872970581054688],"t":0},{"o":{"x":0,"y":0},"i":{"x":1,"y":1},"s":[8.872970581054688],"t":30},{"s":[8.872970581054688],"t":60}]}},{"ty":0,"nm":"","v":{"a":0,"k":1}},{"ty":0,"nm":"","v":{"a":0,"k":0}}]}],"shapes":[{"ty":"sh","bm":0,"hd":false,"nm":"","d":1,"ks":{"a":0,"k":{"c":true,"i":[[0,0],[1.65,2.95],[0,0],[0.4,-4.07],[0,0],[0.44,-1.4],[0,0],[0,0],[0,0],[-0.13,1.38],[0,0]],"o":[[0.36,-3.69],[0,0],[1.81,3.26],[0,0],[-0.15,1.51],[0,0],[0,0],[0,0],[0.4,-1.28],[0,0],[0,0]],"v":[[3.15,11.74],[0,1.99],[2.41,0],[4.18,11.93],[4.13,12.42],[3.25,16.8],[1.92,20.22],[0.97,19.65],[2.3,16.23],[3.1,12.23],[3.15,11.74]]}}},{"ty":"gf","bm":0,"hd":false,"nm":"","e":{"a":1,"k":[{"o":{"x":0,"y":0},"i":{"x":1,"y":1},"s":[11.162300109863281,29.220600128173828],"t":0},{"o":{"x":0,"y":0},"i":{"x":1,"y":1},"s":[11.162300109863281,29.220600128173828],"t":30},{"s":[11.162300109863281,29.220600128173828],"t":60}]},"g":{"p":3,"k":{"a":0,"k":[0,1,1,1,0.6549999713897705,1,1,1,1,1,1,1,0,0,0.6549999713897705,0.4,1,0]}},"t":1,"a":{"a":0,"k":0},"h":{"a":0,"k":0},"s":{"a":1,"k":[{"o":{"x":0,"y":0},"i":{"x":1,"y":1},"s":[11.162300109863281,9],"t":0},{"o":{"x":0,"y":0},"i":{"x":1,"y":1},"s":[11.162300109863281,9],"t":30},{"s":[11.162300109863281,9],"t":60}]},"r":2,"o":{"a":0,"k":100}}],"ind":7},{"ty":4,"nm":"Rectangle 4793","sr":1,"st":0,"op":61.12,"ip":0,"hd":false,"ddd":0,"bm":0,"hasMask":false,"ao":0,"ks":{"a":{"a":0,"k":[10.26,11.9]},"s":{"a":0,"k":[100,100]},"sk":{"a":0,"k":0},"p":{"a":0,"k":[20.37,20.58]},"r":{"a":0,"k":0},"sa":{"a":0,"k":0},"o":{"a":0,"k":100}},"shapes":[{"ty":"sh","bm":0,"hd":false,"nm":"","d":1,"ks":{"a":0,"k":{"c":true,"i":[[0,0],[-1.78,0.33],[0,0],[-3.81,-0.7],[0,0],[-0.27,-1.79],[0,0],[0.62,-4.15],[0,0],[1.78,-0.33],[0,0],[3.81,0.7],[0,0],[0.27,1.79],[0,0],[-0.62,4.15],[0,0]],"o":[[0.27,-1.79],[0,0],[3.81,-0.7],[0,0],[1.78,0.33],[0,0],[0.62,4.15],[0,0],[-0.27,1.79],[0,0],[-3.81,0.7],[0,0],[-1.78,-0.33],[0,0],[-0.62,-4.15],[0,0],[0,0]],"v":[[1.08,4.6],[4.5,1.06],[4.5,1.06],[16.03,1.06],[16.03,1.06],[19.44,4.6],[19.6,5.63],[19.6,18.16],[19.44,19.19],[16.03,22.73],[16.03,22.73],[4.5,22.73],[4.5,22.73],[1.08,19.19],[0.93,18.16],[0.93,5.63],[1.08,4.6]]}}},{"ty":"fl","bm":0,"hd":false,"nm":"","c":{"a":0,"k":[0.4422,0.6375,0.8283]},"r":1,"o":{"a":0,"k":100}}],"ind":8},{"ty":4,"nm":"Subtract","sr":1,"st":0,"op":61.12,"ip":0,"hd":false,"ddd":0,"bm":0,"hasMask":false,"ao":0,"ks":{"a":{"a":0,"k":[11.94,13.8]},"s":{"a":0,"k":[100,100]},"sk":{"a":0,"k":0},"p":{"a":0,"k":[20.37,20.58]},"r":{"a":0,"k":0},"sa":{"a":0,"k":0},"o":{"a":0,"k":100}},"shapes":[{"ty":"sh","bm":0,"hd":false,"nm":"","d":1,"ks":{"a":0,"k":{"c":true,"i":[[0,0],[0.33,-2.19],[0,0],[-0.75,-5.05],[0,0],[-2.17,-0.4],[-4.64,0.85],[-0.33,2.19],[0,0],[0.75,5.05],[0,0],[2.17,0.4],[4.64,-0.85]],"o":[[-2.17,0.4],[0,0],[-0.75,5.05],[0,0],[0.33,2.19],[4.64,0.85],[2.17,-0.4],[0,0],[0.75,-5.05],[0,0],[-0.33,-2.19],[-4.64,-0.85],[0,0]],"v":[[4.92,0.64],[0.75,4.96],[0.56,6.18],[0.56,21.42],[0.75,22.64],[4.92,26.96],[18.96,26.96],[23.13,22.64],[23.32,21.42],[23.32,6.18],[23.13,4.96],[18.96,0.64],[4.92,0.64]]}}},{"ty":"sh","bm":0,"hd":false,"nm":"","d":1,"ks":{"a":0,"k":{"c":true,"i":[[0,0],[0.27,-1.79],[0,0],[-0.62,-4.15],[0,0],[-1.78,-0.33],[-3.81,0.7],[-0.27,1.79],[0,0],[0.62,4.15],[0,0],[1.78,0.33],[3.81,-0.7]],"o":[[-1.78,0.33],[0,0],[-0.62,4.15],[0,0],[0.27,1.79],[3.81,0.7],[1.78,-0.33],[0,0],[0.62,-4.15],[0,0],[-0.27,-1.79],[-3.81,-0.7],[0,0]],"v":[[6.18,2.97],[2.76,6.51],[2.61,7.54],[2.61,20.07],[2.76,21.1],[6.18,24.64],[17.7,24.64],[21.12,21.1],[21.27,20.07],[21.27,7.54],[21.12,6.51],[17.7,2.97],[6.18,2.97]]}}},{"ty":"fl","bm":0,"hd":false,"nm":"","c":{"a":0,"k":[0.4422,0.6375,0.8283]},"r":2,"o":{"a":0,"k":100}}],"ind":9},{"ty":4,"nm":"Subtract","sr":1,"st":0,"op":61.12,"ip":0,"hd":false,"ddd":0,"bm":0,"hasMask":false,"ao":0,"ks":{"a":{"a":0,"k":[19.61,20.07]},"s":{"a":0,"k":[100,100]},"sk":{"a":0,"k":0},"p":{"a":0,"k":[20.22,20.07]},"r":{"a":0,"k":0},"sa":{"a":0,"k":0},"o":{"a":0,"k":100}},"ef":[{"ty":25,"nm":"","en":1,"ef":[{"ty":2,"nm":"color","v":{"a":0,"k":[0,0,0,0.25]}},{"ty":0,"nm":"opacity","v":{"a":0,"k":64}},{"ty":1,"nm":"angle","v":{"a":0,"k":243.19}},{"ty":0,"nm":"distance","v":{"a":0,"k":26.7}},{"ty":0,"nm":"blur","v":{"a":0,"k":70.98}}]},{"ty":25,"nm":"","en":1,"ef":[{"ty":2,"nm":"color","v":{"a":0,"k":[0.2,0.2,0.2,0.3]}},{"ty":0,"nm":"opacity","v":{"a":0,"k":76.8}},{"ty":1,"nm":"angle","v":{"a":0,"k":133.21}},{"ty":0,"nm":"distance","v":{"a":0,"k":2.02}},{"ty":0,"nm":"blur","v":{"a":0,"k":6.51}}]},{"ty":25,"nm":"","en":1,"ef":[{"ty":2,"nm":"color","v":{"a":1,"k":[{"o":{"x":0.167,"y":0.167},"i":{"x":0.833,"y":0.833},"s":[0,0,0],"t":0},{"s":[0,0,0,0.25],"t":30}]}},{"ty":0,"nm":"opacity","v":{"a":1,"k":[{"o":{"x":0.167,"y":0.167},"i":{"x":0.833,"y":0.833},"s":[0],"t":0},{"s":[64],"t":30}]}},{"ty":1,"nm":"angle","v":{"a":1,"k":[{"o":{"x":0.167,"y":0.167},"i":{"x":0.833,"y":0.833},"s":[0],"t":0},{"s":[243.19],"t":30}]}},{"ty":0,"nm":"distance","v":{"a":1,"k":[{"o":{"x":0.167,"y":0.167},"i":{"x":0.833,"y":0.833},"s":[0],"t":0},{"s":[26.7],"t":30}]}},{"ty":0,"nm":"blur","v":{"a":1,"k":[{"o":{"x":0.167,"y":0.167},"i":{"x":0.833,"y":0.833},"s":[0],"t":0},{"s":[70.98],"t":30}]}}]},{"ty":25,"nm":"","en":1,"ef":[{"ty":2,"nm":"color","v":{"a":1,"k":[{"o":{"x":0.167,"y":0.167},"i":{"x":0.833,"y":0.833},"s":[0,0,0],"t":0},{"o":{"x":0,"y":0},"i":{"x":1,"y":1},"s":[0.2,0.2,0.2,0.3],"t":30},{"s":[0,0,0,0.25],"t":60}]}},{"ty":0,"nm":"opacity","v":{"a":1,"k":[{"o":{"x":0.167,"y":0.167},"i":{"x":0.833,"y":0.833},"s":[0],"t":0},{"o":{"x":0,"y":0},"i":{"x":1,"y":1},"s":[76.8],"t":30},{"s":[64],"t":60}]}},{"ty":1,"nm":"angle","v":{"a":1,"k":[{"o":{"x":0.167,"y":0.167},"i":{"x":0.833,"y":0.833},"s":[0],"t":0},{"o":{"x":0,"y":0},"i":{"x":1,"y":1},"s":[133.21],"t":30},{"s":[243.19],"t":60}]}},{"ty":0,"nm":"distance","v":{"a":1,"k":[{"o":{"x":0.167,"y":0.167},"i":{"x":0.833,"y":0.833},"s":[0],"t":0},{"o":{"x":0,"y":0},"i":{"x":1,"y":1},"s":[2.02],"t":30},{"s":[26.7],"t":60}]}},{"ty":0,"nm":"blur","v":{"a":1,"k":[{"o":{"x":0.167,"y":0.167},"i":{"x":0.833,"y":0.833},"s":[0],"t":0},{"o":{"x":0,"y":0},"i":{"x":1,"y":1},"s":[6.51],"t":30},{"s":[70.98],"t":60}]}}]},{"ty":25,"nm":"","en":1,"ef":[{"ty":2,"nm":"color","v":{"a":1,"k":[{"o":{"x":0.167,"y":0.167},"i":{"x":0.833,"y":0.833},"s":[0,0,0],"t":0},{"s":[0.2,0.2,0.2,0.3],"t":60}]}},{"ty":0,"nm":"opacity","v":{"a":1,"k":[{"o":{"x":0.167,"y":0.167},"i":{"x":0.833,"y":0.833},"s":[0],"t":0},{"s":[76.8],"t":60}]}},{"ty":1,"nm":"angle","v":{"a":1,"k":[{"o":{"x":0.167,"y":0.167},"i":{"x":0.833,"y":0.833},"s":[0],"t":0},{"s":[133.21],"t":60}]}},{"ty":0,"nm":"distance","v":{"a":1,"k":[{"o":{"x":0.167,"y":0.167},"i":{"x":0.833,"y":0.833},"s":[0],"t":0},{"s":[2.02],"t":60}]}},{"ty":0,"nm":"blur","v":{"a":1,"k":[{"o":{"x":0.167,"y":0.167},"i":{"x":0.833,"y":0.833},"s":[0],"t":0},{"s":[6.51],"t":60}]}}]}],"shapes":[{"ty":"sh","bm":0,"hd":false,"nm":"","d":1,"ks":{"a":0,"k":{"c":true,"i":[[0,0],[-0.59,10.71],[6.33,5.06],[4.52,-0.29],[2.56,-3.14],[0.75,-0.77],[0,-5.7],[-8.21,0]],"o":[[10.16,0],[0.59,-10.71],[-4.24,-3.38],[-5.09,0.33],[-0.75,0.93],[-3.49,3.58],[0,11.11],[0,0]],"v":[[19.23,40.13],[39.11,24.29],[31.56,5.27],[17.78,0.03],[7.28,7],[5.05,9.59],[0,22.45],[19.23,40.13]]}}},{"ty":"sh","bm":0,"hd":false,"nm":"","d":1,"ks":{"a":0,"k":{"c":true,"i":[[0,0],[0.26,-1.89],[0,0],[-0.67,-4.89],[0,0],[-1.87,-0.38],[-4.37,0.88],[-0.26,1.89],[0,0],[0.67,4.89],[0,0],[1.87,0.38],[4.37,-0.88]],"o":[[-1.87,0.38],[0,0],[-0.67,4.89],[0,0],[0.26,1.89],[4.37,0.88],[1.87,-0.38],[0,0],[0.67,-4.89],[0,0],[-0.26,-1.89],[-4.37,-0.88],[0,0]],"v":[[13.13,7.46],[9.58,11.24],[9.31,13.22],[9.31,27.94],[9.58,29.92],[13.13,33.7],[26.36,33.7],[29.91,29.92],[30.18,27.94],[30.18,13.22],[29.91,11.24],[26.36,7.46],[13.13,7.46]]}}},{"ty":"fl","bm":0,"hd":false,"nm":"","c":{"a":0,"k":[0.4422,0.6375,0.8283]},"r":2,"o":{"a":0,"k":100}}],"ind":10}]},{"nm":"[Asset] Group 24","id":"3","layers":[{"ty":4,"nm":"Line 11","sr":1,"st":0,"op":61.12,"ip":0,"hd":false,"ddd":0,"bm":0,"hasMask":false,"ao":0,"ks":{"a":{"a":0,"k":[24.23,0]},"s":{"a":0,"k":[100,100]},"sk":{"a":0,"k":0},"p":{"a":0,"k":[40.03,26.98]},"r":{"a":0,"k":105.07},"sa":{"a":0,"k":0},"o":{"a":0,"k":100}},"shapes":[{"ty":"sh","bm":0,"hd":false,"nm":"","d":1,"ks":{"a":0,"k":{"c":true,"i":[[0,0],[0,-2.76],[-2.76,0],[0,0]],"o":[[-2.76,0],[0,2.76],[0,0],[0,0]],"v":[[0,-5],[-5,0],[0,5],[0,-5]]}}},{"ty":"sh","bm":0,"hd":false,"nm":"","d":1,"ks":{"a":0,"k":{"c":true,"i":[[0,0],[0,2.76],[2.76,0],[0,0]],"o":[[2.76,0],[0,-2.76],[0,0],[0,0]],"v":[[48.47,5],[53.47,0],[48.47,-5],[48.47,5]]}}},{"ty":"sh","bm":0,"hd":false,"nm":"","d":1,"ks":{"a":0,"k":{"c":true,"i":[[0,0],[0,0],[0,0],[0,0],[0,0]],"o":[[0,0],[0,0],[0,0],[0,0],[0,0]],"v":[[0,5],[48.47,5],[48.47,-5],[0,-5],[0,5]]}}},{"ty":"fl","bm":0,"hd":false,"nm":"","c":{"a":0,"k":[0.1546,0.1546,0.1546]},"r":1,"o":{"a":0,"k":100}}],"ind":1},{"ty":4,"nm":"Line 10","sr":1,"st":0,"op":61.12,"ip":0,"hd":false,"ddd":0,"bm":0,"hasMask":false,"ao":0,"ks":{"a":{"a":0,"k":[25.43,0]},"s":{"a":0,"k":[100,100]},"sk":{"a":0,"k":0},"p":{"a":0,"k":[27.9,24.75]},"r":{"a":0,"k":76.7},"sa":{"a":0,"k":0},"o":{"a":0,"k":100}},"shapes":[{"ty":"sh","bm":0,"hd":false,"nm":"","d":1,"ks":{"a":0,"k":{"c":true,"i":[[0,0],[0,-2.76],[-2.76,0],[0,0]],"o":[[-2.76,0],[0,2.76],[0,0],[0,0]],"v":[[0,-5],[-5,0],[0,5],[0,-5]]}}},{"ty":"sh","bm":0,"hd":false,"nm":"","d":1,"ks":{"a":0,"k":{"c":true,"i":[[0,0],[0,2.76],[2.76,0],[0,0]],"o":[[2.76,0],[0,-2.76],[0,0],[0,0]],"v":[[50.87,5],[55.87,0],[50.87,-5],[50.87,5]]}}},{"ty":"sh","bm":0,"hd":false,"nm":"","d":1,"ks":{"a":0,"k":{"c":true,"i":[[0,0],[0,0],[0,0],[0,0],[0,0]],"o":[[0,0],[0,0],[0,0],[0,0],[0,0]],"v":[[0,5],[50.87,5],[50.87,-5],[0,-5],[0,5]]}}},{"ty":"fl","bm":0,"hd":false,"nm":"","c":{"a":0,"k":[0.1546,0.1546,0.1546]},"r":1,"o":{"a":0,"k":100}}],"ind":2},{"ty":4,"nm":"Line 9","sr":1,"st":0,"op":61.12,"ip":0,"hd":false,"ddd":0,"bm":0,"hasMask":false,"ao":0,"ks":{"a":{"a":0,"k":[24.51,0]},"s":{"a":0,"k":[100,100]},"sk":{"a":0,"k":0},"p":{"a":0,"k":[16.45,31.75]},"r":{"a":0,"k":47.85},"sa":{"a":0,"k":0},"o":{"a":0,"k":100}},"shapes":[{"ty":"sh","bm":0,"hd":false,"nm":"","d":1,"ks":{"a":0,"k":{"c":true,"i":[[0,0],[0,-2.76],[-2.76,0],[0,0]],"o":[[-2.76,0],[0,2.76],[0,0],[0,0]],"v":[[0,-5],[-5,0],[0,5],[0,-5]]}}},{"ty":"sh","bm":0,"hd":false,"nm":"","d":1,"ks":{"a":0,"k":{"c":true,"i":[[0,0],[0,2.76],[2.76,0],[0,0]],"o":[[2.76,0],[0,-2.76],[0,0],[0,0]],"v":[[49.02,5],[54.02,0],[49.02,-5],[49.02,5]]}}},{"ty":"sh","bm":0,"hd":false,"nm":"","d":1,"ks":{"a":0,"k":{"c":true,"i":[[0,0],[0,0],[0,0],[0,0],[0,0]],"o":[[0,0],[0,0],[0,0],[0,0],[0,0]],"v":[[0,5],[49.02,5],[49.02,-5],[0,-5],[0,5]]}}},{"ty":"fl","bm":0,"hd":false,"nm":"","c":{"a":0,"k":[0.1546,0.1546,0.1546]},"r":1,"o":{"a":0,"k":100}}],"ind":3}]},{"nm":"[Asset] Group 23","id":"4","layers":[{"ty":4,"nm":"Line 11","sr":1,"st":0,"op":61.12,"ip":0,"hd":false,"ddd":0,"bm":0,"hasMask":false,"ao":0,"ks":{"a":{"a":0,"k":[22.26,0]},"s":{"a":0,"k":[100,100]},"sk":{"a":0,"k":0},"p":{"a":0,"k":[36.76,24.78]},"r":{"a":0,"k":105.07},"sa":{"a":0,"k":0},"o":{"a":0,"k":100}},"shapes":[{"ty":"sh","bm":0,"hd":false,"nm":"","d":1,"ks":{"a":0,"k":{"c":true,"i":[[0,0],[0,-2.76],[-2.76,0],[0,0]],"o":[[-2.76,0],[0,2.76],[0,0],[0,0]],"v":[[0,-5],[-5,0],[0,5],[0,-5]]}}},{"ty":"sh","bm":0,"hd":false,"nm":"","d":1,"ks":{"a":0,"k":{"c":true,"i":[[0,0],[0,2.76],[2.76,0],[0,0]],"o":[[2.76,0],[0,-2.76],[0,0],[0,0]],"v":[[44.51,5],[49.51,0],[44.51,-5],[44.51,5]]}}},{"ty":"sh","bm":0,"hd":false,"nm":"","d":1,"ks":{"a":0,"k":{"c":true,"i":[[0,0],[0,0],[0,0],[0,0],[0,0]],"o":[[0,0],[0,0],[0,0],[0,0],[0,0]],"v":[[0,5],[44.51,5],[44.51,-5],[0,-5],[0,5]]}}},{"ty":"fl","bm":0,"hd":false,"nm":"","c":{"a":0,"k":[0.1546,0.1546,0.1546]},"r":1,"o":{"a":0,"k":100}}],"ind":1},{"ty":4,"nm":"Line 10","sr":1,"st":0,"op":61.12,"ip":0,"hd":false,"ddd":0,"bm":0,"hasMask":false,"ao":0,"ks":{"a":{"a":0,"k":[23.36,0]},"s":{"a":0,"k":[100,100]},"sk":{"a":0,"k":0},"p":{"a":0,"k":[25.62,22.73]},"r":{"a":0,"k":76.7},"sa":{"a":0,"k":0},"o":{"a":0,"k":100}},"shapes":[{"ty":"sh","bm":0,"hd":false,"nm":"","d":1,"ks":{"a":0,"k":{"c":true,"i":[[0,0],[0,-2.76],[-2.76,0],[0,0]],"o":[[-2.76,0],[0,2.76],[0,0],[0,0]],"v":[[0,-5],[-5,0],[0,5],[0,-5]]}}},{"ty":"sh","bm":0,"hd":false,"nm":"","d":1,"ks":{"a":0,"k":{"c":true,"i":[[0,0],[0,2.76],[2.76,0],[0,0]],"o":[[2.76,0],[0,-2.76],[0,0],[0,0]],"v":[[46.71,5],[51.71,0],[46.71,-5],[46.71,5]]}}},{"ty":"sh","bm":0,"hd":false,"nm":"","d":1,"ks":{"a":0,"k":{"c":true,"i":[[0,0],[0,0],[0,0],[0,0],[0,0]],"o":[[0,0],[0,0],[0,0],[0,0],[0,0]],"v":[[0,5],[46.71,5],[46.71,-5],[0,-5],[0,5]]}}},{"ty":"fl","bm":0,"hd":false,"nm":"","c":{"a":0,"k":[0.1546,0.1546,0.1546]},"r":1,"o":{"a":0,"k":100}}],"ind":2},{"ty":4,"nm":"Line 9","sr":1,"st":0,"op":61.12,"ip":0,"hd":false,"ddd":0,"bm":0,"hasMask":false,"ao":0,"ks":{"a":{"a":0,"k":[22.51,0]},"s":{"a":0,"k":[100,100]},"sk":{"a":0,"k":0},"p":{"a":0,"k":[15.11,29.15]},"r":{"a":0,"k":47.85},"sa":{"a":0,"k":0},"o":{"a":0,"k":100}},"shapes":[{"ty":"sh","bm":0,"hd":false,"nm":"","d":1,"ks":{"a":0,"k":{"c":true,"i":[[0,0],[0,-2.76],[-2.76,0],[0,0]],"o":[[-2.76,0],[0,2.76],[0,0],[0,0]],"v":[[0,-5],[-5,0],[0,5],[0,-5]]}}},{"ty":"sh","bm":0,"hd":false,"nm":"","d":1,"ks":{"a":0,"k":{"c":true,"i":[[0,0],[0,2.76],[2.76,0],[0,0]],"o":[[2.76,0],[0,-2.76],[0,0],[0,0]],"v":[[45.02,5],[50.02,0],[45.02,-5],[45.02,5]]}}},{"ty":"sh","bm":0,"hd":false,"nm":"","d":1,"ks":{"a":0,"k":{"c":true,"i":[[0,0],[0,0],[0,0],[0,0],[0,0]],"o":[[0,0],[0,0],[0,0],[0,0],[0,0]],"v":[[0,5],[45.02,5],[45.02,-5],[0,-5],[0,5]]}}},{"ty":"fl","bm":0,"hd":false,"nm":"","c":{"a":0,"k":[0.1546,0.1546,0.1546]},"r":1,"o":{"a":0,"k":100}}],"ind":3}]}]}