{"nm":"ì_ë¡ë©","ddd":0,"h":300,"w":343,"meta":{"g":"LottieFiles Figma v79"},"layers":[{"ty":0,"nm":"Group 48096398","sr":1,"st":0,"op":115.18,"ip":0,"hd":false,"ddd":0,"bm":0,"hasMask":false,"ao":0,"ks":{"a":{"a":1,"k":[{"o":{"x":0.65,"y":0},"i":{"x":0.35,"y":0},"s":[108,97.23],"t":0},{"o":{"x":0.65,"y":0},"i":{"x":0.35,"y":0},"s":[98,87.23],"t":48},{"o":{"x":0.65,"y":0},"i":{"x":0.35,"y":0},"s":[118,107.23],"t":96},{"s":[108,97.23],"t":114}]},"s":{"a":0,"k":[100,100]},"sk":{"a":0,"k":0},"p":{"a":0,"k":[172,150.23]},"r":{"a":1,"k":[{"o":{"x":0.65,"y":0},"i":{"x":0.35,"y":0},"s":[0],"t":0},{"o":{"x":0.65,"y":0},"i":{"x":0.35,"y":0},"s":[-180],"t":48},{"o":{"x":0.65,"y":0},"i":{"x":0.35,"y":0},"s":[0],"t":96},{"s":[0],"t":114}]},"sa":{"a":0,"k":0},"o":{"a":0,"k":100}},"w":343,"h":300,"refId":"1","ind":1}],"v":"5.7.0","fr":60,"op":114.18,"ip":0,"assets":[{"nm":"[Asset] Group 48096398","id":"1","layers":[{"ty":4,"nm":"Ellipse 2809","sr":1,"st":0,"op":115.18,"ip":0,"hd":false,"ddd":0,"bm":0,"hasMask":false,"ao":0,"ks":{"a":{"a":0,"k":[20.43,25.91]},"s":{"a":0,"k":[100,100]},"sk":{"a":0,"k":0},"p":{"a":1,"k":[{"o":{"x":0.65,"y":0},"i":{"x":0.35,"y":0},"s":[190.09,100.7],"t":0},{"o":{"x":0.65,"y":0},"i":{"x":0.35,"y":0},"s":[170.09,90.7],"t":48},{"o":{"x":0.65,"y":0},"i":{"x":0.35,"y":0},"s":[210.09,110.7],"t":96},{"s":[190.09,100.7],"t":114}]},"r":{"a":0,"k":-90},"sa":{"a":0,"k":0},"o":{"a":0,"k":100}},"shapes":[{"ty":"sh","bm":0,"hd":false,"nm":"","d":1,"ks":{"a":0,"k":{"c":true,"i":[[0,0],[11.28,0],[0,11.28],[-11.28,0],[0,-11.28]],"o":[[0,11.28],[-11.28,0],[0,-11.28],[11.28,0],[0,0]],"v":[[40.86,20.43],[20.43,51.81],[0,20.43],[20.43,0],[40.86,20.43]]}}},{"ty":"gf","bm":0,"hd":false,"nm":"","e":{"a":1,"k":[{"o":{"x":0.65,"y":0},"i":{"x":0.35,"y":0},"s":[-5.067109896117472e-7,25.905399322509766],"t":0},{"o":{"x":0.65,"y":0},"i":{"x":0.35,"y":0},"s":[-5.067109896117472e-7,25.905399322509766],"t":48},{"o":{"x":0.65,"y":0},"i":{"x":0.35,"y":0},"s":[-5.067109896117472e-7,25.905399322509766],"t":96},{"s":[-5.067109896117472e-7,25.905399322509766],"t":114}]},"g":{"p":2,"k":{"a":0,"k":[0,1,0.4078823529411765,0.32945098039215687,1,1,0.6392549019607843,0.5882745098039215]}},"t":1,"a":{"a":0,"k":0},"h":{"a":0,"k":0},"s":{"a":1,"k":[{"o":{"x":0.65,"y":0},"i":{"x":0.35,"y":0},"s":[33.74570083618164,17.14859962463379],"t":0},{"o":{"x":0.65,"y":0},"i":{"x":0.35,"y":0},"s":[33.74570083618164,17.14859962463379],"t":48},{"o":{"x":0.65,"y":0},"i":{"x":0.35,"y":0},"s":[33.74570083618164,17.14859962463379],"t":96},{"s":[33.74570083618164,17.14859962463379],"t":114}]},"r":1,"o":{"a":0,"k":100}}],"ind":1},{"ty":4,"nm":"Ellipse 2808","sr":1,"st":0,"op":115.18,"ip":0,"hd":false,"ddd":0,"bm":0,"hasMask":false,"ao":0,"ks":{"a":{"a":0,"k":[20.43,25.91]},"s":{"a":0,"k":[100,100]},"sk":{"a":0,"k":0},"p":{"a":1,"k":[{"o":{"x":0.65,"y":0},"i":{"x":0.35,"y":0},"s":[143.76,161.08],"t":0},{"o":{"x":0.65,"y":0},"i":{"x":0.35,"y":0},"s":[133.76,141.08],"t":48},{"o":{"x":0.65,"y":0},"i":{"x":0.35,"y":0},"s":[163.76,181.08],"t":96},{"s":[143.76,161.08],"t":114}]},"r":{"a":0,"k":-30},"sa":{"a":0,"k":0},"o":{"a":0,"k":100}},"shapes":[{"ty":"sh","bm":0,"hd":false,"nm":"","d":1,"ks":{"a":0,"k":{"c":true,"i":[[0,0],[11.28,0],[0,11.28],[-11.28,0],[0,-11.28]],"o":[[0,11.28],[-11.28,0],[0,-11.28],[11.28,0],[0,0]],"v":[[40.86,20.43],[20.43,51.81],[0,20.43],[20.43,0],[40.86,20.43]]}}},{"ty":"gf","bm":0,"hd":false,"nm":"","e":{"a":1,"k":[{"o":{"x":0.65,"y":0},"i":{"x":0.35,"y":0},"s":[20.43239974975586,51.81079864501953],"t":0},{"o":{"x":0.65,"y":0},"i":{"x":0.35,"y":0},"s":[20.43239974975586,51.81079864501953],"t":48},{"o":{"x":0.65,"y":0},"i":{"x":0.35,"y":0},"s":[20.43239974975586,51.81079864501953],"t":96},{"s":[20.43239974975586,51.81079864501953],"t":114}]},"g":{"p":2,"k":{"a":0,"k":[0,0.39694117647058824,0.657843137254902,0.9128627450980392,1,0.6353333333333333,0.7961176470588235,0.9490588235294117]}},"t":1,"a":{"a":0,"k":0},"h":{"a":0,"k":0},"s":{"a":1,"k":[{"o":{"x":0.65,"y":0},"i":{"x":0.35,"y":0},"s":[20.43239974975586,0],"t":0},{"o":{"x":0.65,"y":0},"i":{"x":0.35,"y":0},"s":[20.43239974975586,0],"t":48},{"o":{"x":0.65,"y":0},"i":{"x":0.35,"y":0},"s":[20.43239974975586,0],"t":96},{"s":[20.43239974975586,0],"t":114}]},"r":1,"o":{"a":0,"k":100}}],"ind":2},{"ty":4,"nm":"Ellipse 2807","sr":1,"st":0,"op":115.18,"ip":0,"hd":false,"ddd":0,"bm":0,"hasMask":false,"ao":0,"ks":{"a":{"a":0,"k":[20.43,25.91]},"s":{"a":0,"k":[100,100]},"sk":{"a":0,"k":0},"p":{"a":1,"k":[{"o":{"x":0.65,"y":0},"i":{"x":0.35,"y":0},"s":[72.61,161.81],"t":0},{"o":{"x":0.65,"y":0},"i":{"x":0.35,"y":0},"s":[62.61,141.81],"t":48},{"o":{"x":0.65,"y":0},"i":{"x":0.35,"y":0},"s":[72.61,181.81],"t":96},{"s":[72.61,161.81],"t":114}]},"r":{"a":0,"k":30},"sa":{"a":0,"k":0},"o":{"a":0,"k":100}},"shapes":[{"ty":"sh","bm":0,"hd":false,"nm":"","d":1,"ks":{"a":0,"k":{"c":true,"i":[[0,0],[11.28,0],[0,11.28],[-11.28,0],[0,-11.28]],"o":[[0,11.28],[-11.28,0],[0,-11.28],[11.28,0],[0,0]],"v":[[40.86,20.43],[20.43,51.81],[0,20.43],[20.43,0],[40.86,20.43]]}}},{"ty":"gf","bm":0,"hd":false,"nm":"","e":{"a":1,"k":[{"o":{"x":0.65,"y":0},"i":{"x":0.35,"y":0},"s":[41.60580062866211,34.119598388671875],"t":0},{"o":{"x":0.65,"y":0},"i":{"x":0.35,"y":0},"s":[41.60580062866211,34.119598388671875],"t":48},{"o":{"x":0.65,"y":0},"i":{"x":0.35,"y":0},"s":[41.60580062866211,34.119598388671875],"t":96},{"s":[41.60580062866211,34.119598388671875],"t":114}]},"g":{"p":2,"k":{"a":0,"k":[0,0.8588627450980392,0.7882745098039216,0.6627843137254902,1,0.9137647058823529,0.8706274509803921,0.8039607843137254]}},"t":1,"a":{"a":0,"k":0},"h":{"a":0,"k":0},"s":{"a":1,"k":[{"o":{"x":0.65,"y":0},"i":{"x":0.35,"y":0},"s":[2.4981698989868164,22.57229995727539],"t":0},{"o":{"x":0.65,"y":0},"i":{"x":0.35,"y":0},"s":[2.4981698989868164,22.57229995727539],"t":48},{"o":{"x":0.65,"y":0},"i":{"x":0.35,"y":0},"s":[2.4981698989868164,22.57229995727539],"t":96},{"s":[2.4981698989868164,22.57229995727539],"t":114}]},"r":1,"o":{"a":0,"k":100}}],"ind":3},{"ty":4,"nm":"Ellipse 2806","sr":1,"st":0,"op":115.18,"ip":0,"hd":false,"ddd":0,"bm":0,"hasMask":false,"ao":0,"ks":{"a":{"a":0,"k":[20.43,25.91]},"s":{"a":0,"k":[100,100]},"sk":{"a":0,"k":0},"p":{"a":1,"k":[{"o":{"x":0.65,"y":0},"i":{"x":0.35,"y":0},"s":[25.91,100.7],"t":0},{"o":{"x":0.65,"y":0},"i":{"x":0.35,"y":0},"s":[25.91,90.7],"t":48},{"o":{"x":0.65,"y":0},"i":{"x":0.35,"y":0},"s":[25.91,110.7],"t":96},{"s":[25.91,100.7],"t":114}]},"r":{"a":0,"k":90},"sa":{"a":0,"k":0},"o":{"a":0,"k":100}},"shapes":[{"ty":"sh","bm":0,"hd":false,"nm":"","d":1,"ks":{"a":0,"k":{"c":true,"i":[[0,0],[11.28,0],[0,11.28],[-11.28,0],[0,-11.28]],"o":[[0,11.28],[-11.28,0],[0,-11.28],[11.28,0],[0,0]],"v":[[40.86,20.43],[20.43,51.81],[0,20.43],[20.43,0],[40.86,20.43]]}}},{"ty":"gf","bm":0,"hd":false,"nm":"","e":{"a":1,"k":[{"o":{"x":0.65,"y":0},"i":{"x":0.35,"y":0},"s":[40.864898681640625,25.905399322509766],"t":0},{"o":{"x":0.65,"y":0},"i":{"x":0.35,"y":0},"s":[40.864898681640625,25.905399322509766],"t":48},{"o":{"x":0.65,"y":0},"i":{"x":0.35,"y":0},"s":[40.864898681640625,25.905399322509766],"t":96},{"s":[40.864898681640625,25.905399322509766],"t":114}]},"g":{"p":2,"k":{"a":0,"k":[0,0.6423921568627451,0.43533333333333335,1,1,0.8745490196078431,0.8000392156862745,1]}},"t":1,"a":{"a":0,"k":0},"h":{"a":0,"k":0},"s":{"a":1,"k":[{"o":{"x":0.65,"y":0},"i":{"x":0.35,"y":0},"s":[0,25.905399322509766],"t":0},{"o":{"x":0.65,"y":0},"i":{"x":0.35,"y":0},"s":[0,25.905399322509766],"t":48},{"o":{"x":0.65,"y":0},"i":{"x":0.35,"y":0},"s":[0,25.905399322509766],"t":96},{"s":[0,25.905399322509766],"t":114}]},"r":1,"o":{"a":0,"k":100}}],"ind":4},{"ty":4,"nm":"Ellipse 2805","sr":1,"st":0,"op":115.18,"ip":0,"hd":false,"ddd":0,"bm":0,"hasMask":false,"ao":0,"ks":{"a":{"a":0,"k":[20.43,25.91]},"s":{"a":0,"k":[100,100]},"sk":{"a":0,"k":0},"p":{"a":1,"k":[{"o":{"x":0.65,"y":0},"i":{"x":0.35,"y":0},"s":[72.24,32.65],"t":0},{"o":{"x":0.65,"y":0},"i":{"x":0.35,"y":0},"s":[62.24,32.65],"t":48},{"o":{"x":0.65,"y":0},"i":{"x":0.35,"y":0},"s":[72.24,32.65],"t":96},{"s":[72.24,32.65],"t":114}]},"r":{"a":0,"k":150},"sa":{"a":0,"k":0},"o":{"a":0,"k":100}},"shapes":[{"ty":"sh","bm":0,"hd":false,"nm":"","d":1,"ks":{"a":0,"k":{"c":true,"i":[[0,0],[11.28,0],[0,11.28],[-11.28,0],[0,-11.28]],"o":[[0,11.28],[-11.28,0],[0,-11.28],[11.28,0],[0,0]],"v":[[40.86,20.43],[20.43,51.81],[0,20.43],[20.43,0],[40.86,20.43]]}}},{"ty":"gf","bm":0,"hd":false,"nm":"","e":{"a":1,"k":[{"o":{"x":0.65,"y":0},"i":{"x":0.35,"y":0},"s":[0.6190149784088135,14.250699996948242],"t":0},{"o":{"x":0.65,"y":0},"i":{"x":0.35,"y":0},"s":[0.6190149784088135,14.250699996948242],"t":48},{"o":{"x":0.65,"y":0},"i":{"x":0.35,"y":0},"s":[0.6190149784088135,14.250699996948242],"t":96},{"s":[0.6190149784088135,14.250699996948242],"t":114}]},"g":{"p":2,"k":{"a":0,"k":[0,0.5640392156862746,0.8639215686274511,0.6015294117647059,1,0.7529803921568627,0.9569019607843137,0.7765098039215685]}},"t":1,"a":{"a":0,"k":0},"h":{"a":0,"k":0},"s":{"a":1,"k":[{"o":{"x":0.65,"y":0},"i":{"x":0.35,"y":0},"s":[35.51409912109375,23.864700317382812],"t":0},{"o":{"x":0.65,"y":0},"i":{"x":0.35,"y":0},"s":[35.51409912109375,23.864700317382812],"t":48},{"o":{"x":0.65,"y":0},"i":{"x":0.35,"y":0},"s":[35.51409912109375,23.864700317382812],"t":96},{"s":[35.51409912109375,23.864700317382812],"t":114}]},"r":1,"o":{"a":0,"k":100}}],"ind":5},{"ty":4,"nm":"Ellipse 2804","sr":1,"st":0,"op":115.18,"ip":0,"hd":false,"ddd":0,"bm":0,"hasMask":false,"ao":0,"ks":{"a":{"a":0,"k":[20.43,25.91]},"s":{"a":0,"k":[100,100]},"sk":{"a":0,"k":0},"p":{"a":1,"k":[{"o":{"x":0.65,"y":0},"i":{"x":0.35,"y":0},"s":[143.39,33.38],"t":0},{"o":{"x":0.65,"y":0},"i":{"x":0.35,"y":0},"s":[133.39,33.38],"t":48},{"o":{"x":0.65,"y":0},"i":{"x":0.35,"y":0},"s":[163.39,33.38],"t":96},{"s":[143.39,33.38],"t":114}]},"r":{"a":0,"k":-150},"sa":{"a":0,"k":0},"o":{"a":0,"k":100}},"shapes":[{"ty":"sh","bm":0,"hd":false,"nm":"","d":1,"ks":{"a":0,"k":{"c":true,"i":[[0,0],[11.28,0],[0,11.28],[-11.28,0],[0,-11.28]],"o":[[0,11.28],[-11.28,0],[0,-11.28],[11.28,0],[0,0]],"v":[[40.86,20.43],[20.43,51.81],[0,20.43],[20.43,0],[40.86,20.43]]}}},{"ty":"gf","bm":0,"hd":false,"nm":"","e":{"a":1,"k":[{"o":{"x":0.65,"y":0},"i":{"x":0.35,"y":0},"s":[20.43239974975586,0],"t":0},{"o":{"x":0.65,"y":0},"i":{"x":0.35,"y":0},"s":[20.43239974975586,0],"t":48},{"o":{"x":0.65,"y":0},"i":{"x":0.35,"y":0},"s":[20.43239974975586,0],"t":96},{"s":[20.43239974975586,0],"t":114}]},"g":{"p":2,"k":{"a":0,"k":[0,1,0.9294509803921568,0.43533333333333335,1,1,0.6673333333333333,0.356078431372549]}},"t":1,"a":{"a":0,"k":0},"h":{"a":0,"k":0},"s":{"a":1,"k":[{"o":{"x":0.65,"y":0},"i":{"x":0.35,"y":0},"s":[20.43239974975586,51.81079864501953],"t":0},{"o":{"x":0.65,"y":0},"i":{"x":0.35,"y":0},"s":[20.43239974975586,51.81079864501953],"t":48},{"o":{"x":0.65,"y":0},"i":{"x":0.35,"y":0},"s":[20.43239974975586,51.81079864501953],"t":96},{"s":[20.43239974975586,51.81079864501953],"t":114}]},"r":1,"o":{"a":0,"k":100}}],"ind":6}]}]}