{"nm":"ì¬ëº 1","ddd":0,"h":900,"w":1200,"meta":{"g":"LottieFiles Figma v79"},"layers":[{"ty":4,"nm":"Rectangle 1272","sr":1,"st":0,"op":61.12,"ip":0,"hd":false,"ddd":0,"bm":0,"hasMask":false,"ao":0,"ks":{"a":{"a":0,"k":[13.31,20.15]},"s":{"a":0,"k":[100,100]},"sk":{"a":0,"k":0},"p":{"a":1,"k":[{"o":{"x":0,"y":0},"i":{"x":1,"y":1},"s":[482.7,279.62],"t":0},{"o":{"x":0,"y":0},"i":{"x":1,"y":1},"s":[482.7,369.62],"t":30},{"s":[482.7,279.62],"t":60}]},"r":{"a":0,"k":45.51},"sa":{"a":0,"k":0},"o":{"a":0,"k":100}},"shapes":[{"ty":"sh","bm":0,"hd":false,"nm":"","d":1,"ks":{"a":0,"k":{"c":true,"i":[[0,0],[-2.16,0.34],[0,0],[1.13,-3.54],[0,0],[-0.45,-4.71],[0,0],[3.52,2.1],[0,0],[-0.87,6],[0,0]],"o":[[0.32,-2.17],[0,0],[3.68,-0.58],[0,0],[-1.44,4.51],[0,0],[0.39,4.08],[0,0],[-5.2,-3.11],[0,0],[0,0]],"v":[[2.89,7.3],[7.05,3.08],[18.61,1.26],[24.15,7.73],[22.37,13.29],[20.86,27.26],[21.16,30.47],[13.62,35.24],[8.6,32.24],[1.44,17.2],[2.89,7.3]]}}},{"ty":"fl","bm":0,"hd":false,"nm":"","c":{"a":0,"k":[0.1546,0.1546,0.1546]},"r":1,"o":{"a":0,"k":100}}],"ind":1},{"ty":0,"nm":"letter","sr":1,"st":0,"op":61.12,"ip":0,"hd":false,"ddd":0,"bm":0,"hasMask":false,"ao":0,"ks":{"a":{"a":0,"k":[105.4,66.75]},"s":{"a":0,"k":[100,100]},"sk":{"a":0,"k":0},"p":{"a":1,"k":[{"o":{"x":0,"y":0},"i":{"x":1,"y":1},"s":[470.21,346.66],"t":0},{"o":{"x":0,"y":0},"i":{"x":1,"y":1},"s":[470.21,436.66],"t":30},{"s":[470.21,346.66],"t":60}]},"r":{"a":0,"k":11.01},"sa":{"a":0,"k":0},"o":{"a":0,"k":100}},"ef":[{"ty":25,"nm":"","en":1,"ef":[{"ty":2,"nm":"color","v":{"a":1,"k":[{"o":{"x":0,"y":0},"i":{"x":1,"y":1},"s":[0.7385,0.7385,0.7385,0.3],"t":0},{"o":{"x":0,"y":0},"i":{"x":1,"y":1},"s":[0.7385,0.7385,0.7385,0.3],"t":30},{"s":[0.7385,0.7385,0.7385,0.3],"t":60}]}},{"ty":0,"nm":"opacity","v":{"a":1,"k":[{"o":{"x":0,"y":0},"i":{"x":1,"y":1},"s":[76.8],"t":0},{"o":{"x":0,"y":0},"i":{"x":1,"y":1},"s":[76.8],"t":30},{"s":[76.8],"t":60}]}},{"ty":1,"nm":"angle","v":{"a":1,"k":[{"o":{"x":0,"y":0},"i":{"x":1,"y":1},"s":[142.42],"t":0},{"o":{"x":0,"y":0},"i":{"x":1,"y":1},"s":[142.42],"t":30},{"s":[142.42],"t":60}]}},{"ty":0,"nm":"distance","v":{"a":1,"k":[{"o":{"x":0,"y":0},"i":{"x":1,"y":1},"s":[15.57],"t":0},{"o":{"x":0,"y":0},"i":{"x":1,"y":1},"s":[15.57],"t":30},{"s":[15.57],"t":60}]}},{"ty":0,"nm":"blur","v":{"a":1,"k":[{"o":{"x":0,"y":0},"i":{"x":1,"y":1},"s":[27.86],"t":0},{"o":{"x":0,"y":0},"i":{"x":1,"y":1},"s":[27.86],"t":30},{"s":[27.86],"t":60}]}}]}],"w":1200,"h":900,"refId":"1","ind":2},{"ty":4,"nm":"Vector 378","sr":1,"st":0,"op":61.12,"ip":0,"hd":false,"ddd":0,"bm":0,"hasMask":false,"ao":0,"ks":{"a":{"a":0,"k":[97.35,50.27]},"s":{"a":0,"k":[100,100]},"sk":{"a":0,"k":0},"p":{"a":1,"k":[{"o":{"x":0,"y":0},"i":{"x":1,"y":1},"s":[543.85,218.73],"t":0},{"o":{"x":0,"y":0},"i":{"x":1,"y":1},"s":[543.85,308.73],"t":30},{"s":[543.85,218.73],"t":60}]},"r":{"a":0,"k":0},"sa":{"a":0,"k":0},"o":{"a":0,"k":100}},"shapes":[{"ty":"sh","bm":0,"hd":false,"nm":"","d":1,"ks":{"a":0,"k":{"c":true,"i":[[0,0],[-0.64,-1.23],[-1.23,0.64],[0,0]],"o":[[-1.23,0.64],[0.64,1.23],[0,0],[0,0]],"v":[[-1.15,3.33],[-2.22,6.7],[1.15,7.77],[-1.15,3.33]]}}},{"ty":"sh","bm":0,"hd":false,"nm":"","d":1,"ks":{"a":0,"k":{"c":true,"i":[[0,0],[-1.37,-0.12],[-0.12,1.38],[0,0]],"o":[[-0.12,1.38],[1.38,0.12],[0,0],[0,0]],"v":[[192.01,100.33],[194.28,103.04],[196.99,100.77],[192.01,100.33]]}}},{"ty":"sh","bm":0,"hd":false,"nm":"","d":1,"ks":{"a":0,"k":{"c":true,"i":[[0,0],[0,0],[0,0]],"o":[[0,0],[0,0],[0,0]],"v":[[47.99,21.75],[50.38,21.02],[47.99,21.75]]}}},{"ty":"sh","bm":0,"hd":false,"nm":"","d":1,"ks":{"a":0,"k":{"c":true,"i":[[0,0],[0,0],[0,0]],"o":[[0,0],[0,0],[0,0]],"v":[[49.76,22.2],[47.97,20.46],[49.76,22.2]]}}},{"ty":"sh","bm":0,"hd":false,"nm":"","d":1,"ks":{"a":0,"k":{"c":true,"i":[[0,0],[-8.66,-1.22],[-3.5,-3],[-2.04,-6.71],[0,0],[4.34,3.72],[5.07,0.72],[6.57,-3.41],[0,0]],"o":[[6.01,-3.12],[4.28,0.6],[3.5,3],[0,0],[-2.27,-7.47],[-4.34,-3.72],[-10.04,-1.42],[0,0],[0,0]],"v":[[1.15,7.77],[25.13,3.04],[37,8.23],[45.6,22.47],[50.38,21.02],[40.26,4.43],[25.83,-1.91],[-1.15,3.33],[1.15,7.77]]}}},{"ty":"sh","bm":0,"hd":false,"nm":"","d":1,"ks":{"a":0,"k":{"c":true,"i":[[0,0],[-41.73,-24.81],[0,0],[14.83,-15.33],[0,0]],"o":[[13.85,-14.31],[0,0],[-44.41,-26.41],[0,0],[0,0]],"v":[[51.56,23.93],[142.72,14.2],[145.28,9.9],[47.97,20.46],[51.56,23.93]]}}},{"ty":"sh","bm":0,"hd":false,"nm":"","d":1,"ks":{"a":0,"k":{"c":true,"i":[[0,0],[1.6,-17.78],[0,0],[45.41,27],[0,0]],"o":[[43.39,25.8],[0,0],[1.73,-19.23],[0,0],[0,0]],"v":[[142.72,14.2],[192.01,100.33],[196.99,100.77],[145.28,9.9],[142.72,14.2]]}}},{"ty":"sh","bm":0,"hd":false,"nm":"","d":1,"ks":{"a":0,"k":{"c":true,"i":[[0,0],[-1.94,2.01],[0,0],[-0.3,-0.98],[0,0]],"o":[[0.76,2.5],[0,0],[0.84,-0.86],[0,0],[0,0]],"v":[[45.6,22.47],[51.56,23.93],[47.97,20.46],[50.38,21.02],[45.6,22.47]]}}},{"ty":"fl","bm":0,"hd":false,"nm":"","c":{"a":0,"k":[0.4969,0.4969,0.4969]},"r":1,"o":{"a":0,"k":100}}],"ind":3},{"ty":4,"nm":"Ellipse 1275","sr":1,"st":0,"op":61.12,"ip":0,"hd":false,"ddd":0,"bm":0,"hasMask":false,"ao":0,"ks":{"a":{"a":0,"k":[14,12]},"s":{"a":0,"k":[100,100]},"sk":{"a":0,"k":0},"p":{"a":1,"k":[{"o":{"x":0,"y":0},"i":{"x":1,"y":1},"s":[446.63,240.95],"t":0},{"o":{"x":0,"y":0},"i":{"x":1,"y":1},"s":[446.63,330.95],"t":30},{"s":[446.63,240.95],"t":60}]},"r":{"a":0,"k":-2.66},"sa":{"a":0,"k":0},"o":{"a":0,"k":100}},"shapes":[{"ty":"sh","bm":0,"hd":false,"nm":"","d":1,"ks":{"a":0,"k":{"c":true,"i":[[0,0],[7.73,0],[0,6.63],[-7.73,0],[0,-6.63]],"o":[[0,6.63],[-7.73,0],[0,-6.63],[7.73,0],[0,0]],"v":[[28,12],[14,24],[0,12],[14,0],[28,12]]}}},{"ty":"fl","bm":0,"hd":false,"nm":"","c":{"a":0,"k":[0.1546,0.1546,0.1546]},"r":1,"o":{"a":0,"k":100}}],"ind":4},{"ty":4,"nm":"Ellipse 1270","sr":1,"st":0,"op":61.12,"ip":0,"hd":false,"ddd":0,"bm":0,"hasMask":false,"ao":0,"ks":{"a":{"a":0,"k":[14,12]},"s":{"a":0,"k":[100,100]},"sk":{"a":0,"k":0},"p":{"a":1,"k":[{"o":{"x":0,"y":0},"i":{"x":1,"y":1},"s":[541,247],"t":0},{"o":{"x":0,"y":0},"i":{"x":1,"y":1},"s":[541,337],"t":30},{"s":[541,247],"t":60}]},"r":{"a":0,"k":8.56},"sa":{"a":0,"k":0},"o":{"a":0,"k":100}},"shapes":[{"ty":"sh","bm":0,"hd":false,"nm":"","d":1,"ks":{"a":0,"k":{"c":true,"i":[[0,0],[7.73,0],[0,6.63],[-7.73,0],[0,-6.63]],"o":[[0,6.63],[-7.73,0],[0,-6.63],[7.73,0],[0,0]],"v":[[28,12],[14,24],[0,12],[14,0],[28,12]]}}},{"ty":"fl","bm":0,"hd":false,"nm":"","c":{"a":0,"k":[0.1546,0.1546,0.1546]},"r":1,"o":{"a":0,"k":100}}],"ind":5},{"ty":4,"nm":"Ellipse 1261","sr":1,"st":0,"op":61.12,"ip":0,"hd":false,"ddd":0,"bm":0,"hasMask":false,"ao":0,"ks":{"a":{"a":0,"k":[57.65,31]},"s":{"a":0,"k":[100,100]},"sk":{"a":0,"k":0},"p":{"a":1,"k":[{"o":{"x":0,"y":0},"i":{"x":1,"y":1},"s":[680.01,637.87],"t":0},{"o":{"x":0,"y":0},"i":{"x":1,"y":1},"s":[680.01,727.87],"t":30},{"s":[680.01,637.87],"t":60}]},"r":{"a":0,"k":-16.21},"sa":{"a":0,"k":0},"o":{"a":0,"k":100}},"shapes":[{"ty":"sh","bm":0,"hd":false,"nm":"","d":1,"ks":{"a":0,"k":{"c":true,"i":[[0,0],[36.87,0],[0,16.44],[-21.69,0],[0,-16.44]],"o":[[0,16.44],[-21.69,0],[0,-16.44],[21.69,0],[0,0]],"v":[[115.3,23.18],[56.67,62],[0,29.76],[56.67,0],[115.3,23.18]]}}},{"ty":"fl","bm":0,"hd":false,"nm":"","c":{"a":0,"k":[0.9672,0.9672,0.9672]},"r":1,"o":{"a":0,"k":100}}],"ind":6},{"ty":4,"nm":"Ellipse 1260","sr":1,"st":0,"op":61.12,"ip":0,"hd":false,"ddd":0,"bm":0,"hasMask":false,"ao":0,"ks":{"a":{"a":0,"k":[49.75,31]},"s":{"a":0,"k":[100,100]},"sk":{"a":0,"k":0},"p":{"a":1,"k":[{"o":{"x":0,"y":0},"i":{"x":1,"y":1},"s":[574.75,653],"t":0},{"o":{"x":0,"y":0},"i":{"x":1,"y":1},"s":[574.75,743],"t":30},{"s":[574.75,653],"t":60}]},"r":{"a":0,"k":0},"sa":{"a":0,"k":0},"o":{"a":0,"k":100}},"shapes":[{"ty":"sh","bm":0,"hd":false,"nm":"","d":1,"ks":{"a":0,"k":{"c":true,"i":[[0,0],[24.22,0],[0,16.44],[-18.67,0],[0,-16.44]],"o":[[0,16.44],[-18.67,0],[0,-16.44],[18.67,0],[0,0]],"v":[[99.5,26],[48.78,62],[0,29.76],[48.78,0],[99.5,26]]}}},{"ty":"fl","bm":0,"hd":false,"nm":"","c":{"a":0,"k":[0.9672,0.9672,0.9672]},"r":1,"o":{"a":0,"k":100}}],"ind":7},{"ty":4,"nm":"Ellipse 1252","sr":1,"st":0,"op":61.12,"ip":0,"hd":false,"ddd":0,"bm":0,"hasMask":false,"ao":0,"ks":{"a":{"a":0,"k":[157.5,146.5]},"s":{"a":0,"k":[100,100]},"sk":{"a":0,"k":0},"p":{"a":1,"k":[{"o":{"x":0,"y":0},"i":{"x":1,"y":1},"s":[556.5,266.5],"t":0},{"o":{"x":0,"y":0},"i":{"x":1,"y":1},"s":[556.5,356.5],"t":30},{"s":[556.5,266.5],"t":60}]},"r":{"a":0,"k":0},"sa":{"a":0,"k":0},"o":{"a":0,"k":100}},"shapes":[{"ty":"sh","bm":0,"hd":false,"nm":"","d":1,"ks":{"a":0,"k":{"c":true,"i":[[0,0],[85.48,0],[0,82.98],[-85.48,0],[0,-97.23]],"o":[[0,80.78],[-85.48,0],[0,-85.49],[88.08,-6.29],[0,0]],"v":[[315,146.74],[154.77,293],[0,146.74],[154.77,0.48],[315,146.74]]}}},{"ty":"fl","bm":0,"hd":false,"nm":"","c":{"a":0,"k":[0.9672,0.9672,0.9672]},"r":1,"o":{"a":0,"k":100}}],"ind":8},{"ty":4,"nm":"Ellipse 1251","sr":1,"st":0,"op":61.12,"ip":0,"hd":false,"ddd":0,"bm":0,"hasMask":false,"ao":0,"ks":{"a":{"a":0,"k":[196.72,180.47]},"s":{"a":0,"k":[100,100]},"sk":{"a":0,"k":0},"p":{"a":1,"k":[{"o":{"x":0,"y":0},"i":{"x":1,"y":1},"s":[595.72,477.28],"t":0},{"o":{"x":0,"y":0},"i":{"x":1,"y":1},"s":[595.72,567.28],"t":30},{"s":[595.72,477.28],"t":60}]},"r":{"a":0,"k":0},"sa":{"a":0,"k":0},"o":{"a":0,"k":100}},"shapes":[{"ty":"sh","bm":0,"hd":false,"nm":"","d":1,"ks":{"a":0,"k":{"c":true,"i":[[0,0],[131.75,-10.09],[0,102.17],[-121.07,-11.87],[-9.5,-113]],"o":[[11.15,132.61],[-124,9.5],[0,-119.14],[137.71,13.5],[0,0]],"v":[[392.5,166.69],[183.5,360.19],[0,186.19],[191.29,1.19],[392.5,166.69]]}}},{"ty":"fl","bm":0,"hd":false,"nm":"","c":{"a":0,"k":[0.9672,0.9672,0.9672]},"r":1,"o":{"a":0,"k":100}}],"ind":9},{"ty":4,"nm":"Union","sr":1,"st":0,"op":61.12,"ip":0,"hd":false,"ddd":0,"bm":0,"hasMask":false,"ao":0,"ks":{"a":{"a":0,"k":[22.18,31.68]},"s":{"a":0,"k":[100,100]},"sk":{"a":0,"k":0},"p":{"a":1,"k":[{"o":{"x":0,"y":0},"i":{"x":1,"y":1},"s":[586.24,672.99],"t":0},{"o":{"x":0,"y":0},"i":{"x":1,"y":1},"s":[590.03,769.45],"t":30},{"s":[586.24,672.99],"t":60}]},"r":{"a":1,"k":[{"o":{"x":0,"y":0},"i":{"x":1,"y":1},"s":[-173.95],"t":0},{"o":{"x":0,"y":0},"i":{"x":1,"y":1},"s":[-191.45],"t":30},{"s":[-173.95],"t":60}]},"sa":{"a":0,"k":0},"o":{"a":0,"k":100}},"shapes":[{"ty":"sh","bm":0,"hd":false,"nm":"","d":1,"ks":{"a":0,"k":{"c":true,"i":[[0,0],[1.19,-5.39],[0,0],[1.86,5.2],[5.2,-1.86],[-1.86,-5.2],[0,0],[-5.2,1.86],[-1.01,2.62],[-0.22,1.01],[0,0],[5.39,1.19]],"o":[[-5.39,-1.18],[-1.18,5.39],[0,0],[-1.86,-5.2],[-5.2,1.86],[0,0],[1.86,5.2],[2.85,-1.02],[0.49,-0.85],[0,0],[1.19,-5.39],[0,0]],"v":[[36.5,0.23],[24.59,7.86],[23,33],[19.42,9.51],[6.63,3.46],[0.59,16.24],[15.07,56.73],[27.86,62.78],[33.82,56.95],[34.9,54.15],[44.12,12.15],[36.5,0.23]]}}},{"ty":"fl","bm":0,"hd":false,"nm":"","c":{"a":0,"k":[0.1546,0.1546,0.1546]},"r":2,"o":{"a":0,"k":100}}],"ind":10},{"ty":4,"nm":"Union","sr":1,"st":0,"op":61.12,"ip":0,"hd":false,"ddd":0,"bm":0,"hasMask":false,"ao":0,"ks":{"a":{"a":0,"k":[22.18,31.68]},"s":{"a":0,"k":[100,100]},"sk":{"a":0,"k":0},"p":{"a":1,"k":[{"o":{"x":0,"y":0},"i":{"x":1,"y":1},"s":[696.54,661.17],"t":0},{"o":{"x":0,"y":0},"i":{"x":1,"y":1},"s":[701.62,755.66],"t":30},{"s":[696.54,661.17],"t":60}]},"r":{"a":1,"k":[{"o":{"x":0,"y":0},"i":{"x":1,"y":1},"s":[146.7],"t":0},{"o":{"x":0,"y":0},"i":{"x":1,"y":1},"s":[143.76],"t":30},{"s":[146.7],"t":60}]},"sa":{"a":0,"k":0},"o":{"a":0,"k":100}},"shapes":[{"ty":"sh","bm":0,"hd":false,"nm":"","d":1,"ks":{"a":0,"k":{"c":true,"i":[[0,0],[1.19,-5.39],[0,0],[1.86,5.2],[5.2,-1.86],[-1.86,-5.2],[0,0],[-5.2,1.86],[-1.01,2.62],[-0.22,1.01],[0,0],[5.39,1.19]],"o":[[-5.39,-1.18],[-1.18,5.39],[0,0],[-1.86,-5.2],[-5.2,1.86],[0,0],[1.86,5.2],[2.85,-1.02],[0.49,-0.85],[0,0],[1.19,-5.39],[0,0]],"v":[[36.5,0.23],[24.59,7.86],[23,33],[19.42,9.51],[6.63,3.46],[0.59,16.24],[15.07,56.73],[27.86,62.78],[33.82,56.95],[34.9,54.15],[44.12,12.15],[36.5,0.23]]}}},{"ty":"fl","bm":0,"hd":false,"nm":"","c":{"a":0,"k":[0.1546,0.1546,0.1546]},"r":2,"o":{"a":0,"k":100}}],"ind":11},{"ty":4,"nm":"Vector 385","sr":1,"st":0,"op":61.12,"ip":0,"hd":false,"ddd":0,"bm":0,"hasMask":false,"ao":0,"ks":{"a":{"a":0,"k":[183,130.5]},"s":{"a":0,"k":[100,-100]},"sk":{"a":0,"k":0},"p":{"a":1,"k":[{"o":{"x":0,"y":0},"i":{"x":1,"y":1},"s":[356.03,407.53],"t":0},{"o":{"x":0,"y":0},"i":{"x":1,"y":1},"s":[389.54,569.74],"t":30},{"s":[356.03,407.53],"t":60}]},"r":{"a":1,"k":[{"o":{"x":0,"y":0},"i":{"x":1,"y":1},"s":[-169.91],"t":0},{"o":{"x":0,"y":0},"i":{"x":1,"y":1},"s":[-239.98],"t":30},{"s":[-169.91],"t":60}]},"sa":{"a":0,"k":0},"o":{"a":0,"k":100}},"shapes":[{"ty":"sh","bm":0,"hd":false,"nm":"","d":1,"ks":{"a":0,"k":{"c":true,"i":[[0,0],[1.92,-36.47],[-121.65,7.68],[-6.19,19.62],[1.54,15.87],[2.99,-2.34],[0.51,23.03],[5.34,-3.63],[14.34,14.84],[45.46,-21.75],[101.8,-14.71]],"o":[[-81.44,11.77],[-10.88,68.45],[97.32,-6.14],[16.22,-11.52],[-1.54,-15.87],[7.26,-6.61],[-0.51,-23.03],[10.46,-11.73],[-17.93,-18.55],[-45.46,21.75],[0,0]],"v":[[108.93,54.11],[1.36,178.23],[166.55,259.48],[306.77,192.94],[353.51,138.56],[342.62,125.77],[363.75,77.15],[347.11,59.23],[360.55,5.49],[254.91,41.32],[108.93,54.11]]}}},{"ty":"fl","bm":0,"hd":false,"nm":"","c":{"a":0,"k":[0.9237,0.9237,0.9237]},"r":1,"o":{"a":0,"k":100}}],"ind":12},{"ty":4,"nm":"Vector 384","sr":1,"st":0,"op":61.12,"ip":0,"hd":false,"ddd":0,"bm":0,"hasMask":false,"ao":0,"ks":{"a":{"a":0,"k":[197,140.5]},"s":{"a":0,"k":[100,100]},"sk":{"a":0,"k":0},"p":{"a":1,"k":[{"o":{"x":0,"y":0},"i":{"x":1,"y":1},"s":[830.94,358.81],"t":0},{"o":{"x":0,"y":0},"i":{"x":1,"y":1},"s":[808.42,551.67],"t":30},{"s":[830.94,358.81],"t":60}]},"r":{"a":1,"k":[{"o":{"x":0,"y":0},"i":{"x":1,"y":1},"s":[-9.74],"t":0},{"o":{"x":0,"y":0},"i":{"x":1,"y":1},"s":[51.65],"t":30},{"s":[-9.74],"t":60}]},"sa":{"a":0,"k":0},"o":{"a":0,"k":100}},"shapes":[{"ty":"sh","bm":0,"hd":false,"nm":"","d":1,"ks":{"a":0,"k":{"c":true,"i":[[0,0],[2.07,-39.26],[-130.96,8.26],[-6.66,21.12],[1.65,17.08],[3.22,-2.53],[0.55,24.8],[5.74,-3.9],[15.44,15.98],[48.94,-23.42],[109.59,-15.84]],"o":[[-87.67,12.67],[-11.72,73.7],[104.77,-6.61],[17.46,-12.4],[-1.65,-17.08],[7.81,-7.12],[-0.55,-24.8],[11.26,-12.63],[-19.3,-19.97],[-48.94,23.42],[0,0]],"v":[[117.26,58.26],[1.46,191.89],[179.29,279.36],[330.24,207.73],[380.55,149.18],[368.84,135.41],[391.58,83.06],[373.66,63.77],[388.13,5.91],[274.41,44.49],[117.26,58.26]]}}},{"ty":"fl","bm":0,"hd":false,"nm":"","c":{"a":0,"k":[0.9237,0.9237,0.9237]},"r":1,"o":{"a":0,"k":100}}],"ind":13}],"v":"5.7.0","fr":60,"op":60.12,"ip":0,"assets":[{"nm":"[Asset] letter","id":"1","layers":[{"ty":0,"nm":"wax","sr":1,"st":0,"op":61.12,"ip":0,"hd":false,"ddd":0,"bm":0,"hasMask":false,"ao":0,"ks":{"a":{"a":0,"k":[24.3,24.48]},"s":{"a":0,"k":[100,100]},"sk":{"a":0,"k":0},"p":{"a":0,"k":[105.11,63.14]},"r":{"a":0,"k":0},"sa":{"a":0,"k":0},"o":{"a":0,"k":100}},"w":1200,"h":900,"refId":"2","ind":1},{"ty":4,"nm":"Rectangle 6859","sr":1,"st":0,"op":61.12,"ip":0,"hd":false,"ddd":0,"bm":0,"hasMask":false,"ao":0,"ks":{"a":{"a":0,"k":[105.4,29.86]},"s":{"a":0,"k":[100,100]},"sk":{"a":0,"k":0},"p":{"a":0,"k":[105.4,29.86]},"r":{"a":0,"k":0},"sa":{"a":0,"k":0},"o":{"a":0,"k":100}},"ef":[{"ty":25,"nm":"","en":1,"ef":[{"ty":2,"nm":"color","v":{"a":1,"k":[{"o":{"x":0,"y":0},"i":{"x":1,"y":1},"s":[0.9138,0.902,0.8589],"t":0},{"o":{"x":0,"y":0},"i":{"x":1,"y":1},"s":[0.9138,0.902,0.8589],"t":30},{"s":[0.9138,0.902,0.8589],"t":60}]}},{"ty":0,"nm":"opacity","v":{"a":1,"k":[{"o":{"x":0,"y":0},"i":{"x":1,"y":1},"s":[256],"t":0},{"o":{"x":0,"y":0},"i":{"x":1,"y":1},"s":[256],"t":30},{"s":[256],"t":60}]}},{"ty":1,"nm":"angle","v":{"a":1,"k":[{"o":{"x":0,"y":0},"i":{"x":1,"y":1},"s":[168.99],"t":0},{"o":{"x":0,"y":0},"i":{"x":1,"y":1},"s":[168.99],"t":30},{"s":[168.99],"t":60}]}},{"ty":0,"nm":"distance","v":{"a":1,"k":[{"o":{"x":0,"y":0},"i":{"x":1,"y":1},"s":[3.48],"t":0},{"o":{"x":0,"y":0},"i":{"x":1,"y":1},"s":[3.48],"t":30},{"s":[3.48],"t":60}]}},{"ty":0,"nm":"blur","v":{"a":1,"k":[{"o":{"x":0,"y":0},"i":{"x":1,"y":1},"s":[13.93],"t":0},{"o":{"x":0,"y":0},"i":{"x":1,"y":1},"s":[13.93],"t":30},{"s":[13.93],"t":60}]}}]}],"shapes":[{"ty":"sh","bm":0,"hd":false,"nm":"","d":1,"ks":{"a":0,"k":{"c":true,"i":[[0,0],[0,0],[0,0],[0,0]],"o":[[0,0],[0,0],[0,0],[0,0]],"v":[[210.81,0],[0,0],[105.4,59.73],[210.81,0]]}}},{"ty":"fl","bm":0,"hd":false,"nm":"","c":{"a":0,"k":[0.9765,0.9726,0.953]},"r":1,"o":{"a":0,"k":100}}],"ind":2},{"ty":4,"nm":"Rectangle 6858","sr":1,"st":0,"op":61.12,"ip":0,"hd":false,"ddd":0,"bm":0,"hasMask":false,"ao":0,"ks":{"a":{"a":0,"k":[105.4,66.75]},"s":{"a":0,"k":[100,100]},"sk":{"a":0,"k":0},"p":{"a":0,"k":[105.4,66.75]},"r":{"a":0,"k":0},"sa":{"a":0,"k":0},"o":{"a":0,"k":100}},"shapes":[{"ty":"sh","bm":0,"hd":false,"nm":"","d":1,"ks":{"a":0,"k":{"c":true,"i":[[0,0],[0,0],[0,0],[0,0]],"o":[[0,0],[0,0],[0,0],[0,0]],"v":[[210.81,0],[210.81,133.51],[0,133.51],[0,0]]}}},{"ty":"fl","bm":0,"hd":false,"nm":"","c":{"a":0,"k":[0.9765,0.9726,0.953]},"r":1,"o":{"a":0,"k":100}}],"ind":3}]},{"nm":"[Asset] wax","id":"2","layers":[{"ty":4,"nm":"Vector 52 (Stroke)","sr":1,"st":0,"op":61.12,"ip":0,"hd":false,"ddd":0,"bm":0,"hasMask":false,"ao":0,"ks":{"a":{"a":0,"k":[5.36,7.6]},"s":{"a":0,"k":[100,100]},"sk":{"a":0,"k":0},"p":{"a":0,"k":[11.58,38.63]},"r":{"a":0,"k":0},"sa":{"a":0,"k":0},"o":{"a":0,"k":100}},"ef":[{"ty":29,"nm":"","en":1,"ef":[{"ty":0,"nm":"sigma","v":{"a":1,"k":[{"o":{"x":0,"y":0},"i":{"x":1,"y":1},"s":[6.889182090759277],"t":0},{"o":{"x":0,"y":0},"i":{"x":1,"y":1},"s":[6.889182090759277],"t":30},{"s":[6.889182090759277],"t":60}]}},{"ty":0,"nm":"","v":{"a":0,"k":1}},{"ty":0,"nm":"","v":{"a":0,"k":0}}]}],"shapes":[{"ty":"sh","bm":0,"hd":false,"nm":"","d":1,"ks":{"a":0,"k":{"c":true,"i":[[0,0],[0,0],[0,0],[0,0],[0,0],[0,0],[-4.07,0.44],[0,0],[1.1,6.64],[0,0]],"o":[[0,0],[0,0],[0,0],[0,0],[0,0],[0.96,5.78],[0,0],[-4.68,0.5],[0,0],[0,0]],"v":[[0,0.25],[1.74,0],[3.96,5.66],[3.77,7.92],[1.84,3.68],[1.91,4.09],[10.62,13.36],[10.72,15.16],[0.7,4.52],[0,0.25]]}}},{"ty":"gf","bm":0,"hd":false,"nm":"","e":{"a":1,"k":[{"o":{"x":0,"y":0},"i":{"x":1,"y":1},"s":[12.35789966583252,21.946399688720703],"t":0},{"o":{"x":0,"y":0},"i":{"x":1,"y":1},"s":[12.35789966583252,21.946399688720703],"t":30},{"s":[12.35789966583252,21.946399688720703],"t":60}]},"g":{"p":2,"k":{"a":0,"k":[0,0.5954901960784313,0.7551372549019608,0.9075294117647058,1,0.5216078431372548,0.694156862745098,0.8588627450980392,0,1,1,0]}},"t":1,"a":{"a":0,"k":0},"h":{"a":0,"k":0},"s":{"a":1,"k":[{"o":{"x":0,"y":0},"i":{"x":1,"y":1},"s":[12.35789966583252,6.214159965515137],"t":0},{"o":{"x":0,"y":0},"i":{"x":1,"y":1},"s":[12.35789966583252,6.214159965515137],"t":30},{"s":[12.35789966583252,6.214159965515137],"t":60}]},"r":2,"o":{"a":0,"k":100}}],"ind":1},{"ty":4,"nm":"Ellipse 2636","sr":1,"st":0,"op":61.12,"ip":0,"hd":false,"ddd":0,"bm":0,"hasMask":false,"ao":0,"ks":{"a":{"a":0,"k":[12.4,0.81]},"s":{"a":0,"k":[100,100]},"sk":{"a":0,"k":0},"p":{"a":0,"k":[37.44,25.1]},"r":{"a":0,"k":-90},"sa":{"a":0,"k":0},"o":{"a":0,"k":100}},"ef":[{"ty":29,"nm":"","en":1,"ef":[{"ty":0,"nm":"sigma","v":{"a":1,"k":[{"o":{"x":0,"y":0},"i":{"x":1,"y":1},"s":[5.905013084411621],"t":0},{"o":{"x":0,"y":0},"i":{"x":1,"y":1},"s":[5.905013084411621],"t":30},{"s":[5.905013084411621],"t":60}]}},{"ty":0,"nm":"","v":{"a":0,"k":1}},{"ty":0,"nm":"","v":{"a":0,"k":0}}]}],"shapes":[{"ty":"sh","bm":0,"hd":false,"nm":"","d":1,"ks":{"a":0,"k":{"c":true,"i":[[0,0],[5.28,0],[0,0.17],[-5.28,0],[0,-0.17]],"o":[[0,0.17],[-5.28,0],[0,-0.17],[5.28,0],[0,0]],"v":[[24.8,0.51],[13.5,1.62],[0,0.01],[13.5,1.25],[24.8,0.51]]}}},{"ty":"fl","bm":0,"hd":false,"nm":"","c":{"a":0,"k":[0.6984,0.8192,0.9305]},"r":1,"o":{"a":0,"k":100}}],"ind":2},{"ty":4,"nm":"Ellipse 2635","sr":1,"st":0,"op":61.12,"ip":0,"hd":false,"ddd":0,"bm":0,"hasMask":false,"ao":0,"ks":{"a":{"a":0,"k":[12.4,0.81]},"s":{"a":0,"k":[100,100]},"sk":{"a":0,"k":0},"p":{"a":0,"k":[12.4,24.23]},"r":{"a":0,"k":90},"sa":{"a":0,"k":0},"o":{"a":0,"k":100}},"ef":[{"ty":29,"nm":"","en":1,"ef":[{"ty":0,"nm":"sigma","v":{"a":1,"k":[{"o":{"x":0,"y":0},"i":{"x":1,"y":1},"s":[5.905013084411621],"t":0},{"o":{"x":0,"y":0},"i":{"x":1,"y":1},"s":[5.905013084411621],"t":30},{"s":[5.905013084411621],"t":60}]}},{"ty":0,"nm":"","v":{"a":0,"k":1}},{"ty":0,"nm":"","v":{"a":0,"k":0}}]}],"shapes":[{"ty":"sh","bm":0,"hd":false,"nm":"","d":1,"ks":{"a":0,"k":{"c":true,"i":[[0,0],[5.28,0],[0,0.17],[-5.28,0],[0,-0.17]],"o":[[0,0.17],[-5.28,0],[0,-0.17],[5.28,0],[0,0]],"v":[[24.8,0.51],[13.5,1.62],[0,0.01],[13.5,1.25],[24.8,0.51]]}}},{"ty":"fl","bm":0,"hd":false,"nm":"","c":{"a":0,"k":[0.6984,0.8192,0.9305]},"r":1,"o":{"a":0,"k":100}}],"ind":3},{"ty":4,"nm":"Ellipse 2634","sr":1,"st":0,"op":61.12,"ip":0,"hd":false,"ddd":0,"bm":0,"hasMask":false,"ao":0,"ks":{"a":{"a":0,"k":[9.78,0.82]},"s":{"a":0,"k":[100,100]},"sk":{"a":0,"k":0},"p":{"a":0,"k":[25.25,10.08]},"r":{"a":0,"k":178.33},"sa":{"a":0,"k":0},"o":{"a":0,"k":100}},"ef":[{"ty":29,"nm":"","en":1,"ef":[{"ty":0,"nm":"sigma","v":{"a":1,"k":[{"o":{"x":0,"y":0},"i":{"x":1,"y":1},"s":[5.905013084411621],"t":0},{"o":{"x":0,"y":0},"i":{"x":1,"y":1},"s":[5.905013084411621],"t":30},{"s":[5.905013084411621],"t":60}]}},{"ty":0,"nm":"","v":{"a":0,"k":1}},{"ty":0,"nm":"","v":{"a":0,"k":0}}]}],"shapes":[{"ty":"sh","bm":0,"hd":false,"nm":"","d":1,"ks":{"a":0,"k":{"c":true,"i":[[0,0],[4.16,0],[0,0.17],[-4.16,0],[0,-0.17]],"o":[[0,0.17],[-4.16,0],[0,-0.17],[4.16,0],[0,0]],"v":[[19.56,0.51],[10.65,1.63],[0,0.01],[10.65,1.26],[19.56,0.51]]}}},{"ty":"fl","bm":0,"hd":false,"nm":"","c":{"a":0,"k":[0.6984,0.8192,0.9305]},"r":1,"o":{"a":0,"k":100}}],"ind":4},{"ty":4,"nm":"Ellipse 2633","sr":1,"st":0,"op":61.12,"ip":0,"hd":false,"ddd":0,"bm":0,"hasMask":false,"ao":0,"ks":{"a":{"a":0,"k":[9.78,0.82]},"s":{"a":0,"k":[100,100]},"sk":{"a":0,"k":0},"p":{"a":0,"k":[24.48,39.55]},"r":{"a":0,"k":0},"sa":{"a":0,"k":0},"o":{"a":0,"k":100}},"ef":[{"ty":29,"nm":"","en":1,"ef":[{"ty":0,"nm":"sigma","v":{"a":1,"k":[{"o":{"x":0,"y":0},"i":{"x":1,"y":1},"s":[6.889182090759277],"t":0},{"o":{"x":0,"y":0},"i":{"x":1,"y":1},"s":[6.889182090759277],"t":30},{"s":[6.889182090759277],"t":60}]}},{"ty":0,"nm":"","v":{"a":0,"k":1}},{"ty":0,"nm":"","v":{"a":0,"k":0}}]}],"shapes":[{"ty":"sh","bm":0,"hd":false,"nm":"","d":1,"ks":{"a":0,"k":{"c":true,"i":[[0,0],[4.16,0],[0,0.17],[-4.16,0],[0,-0.17]],"o":[[0,0.17],[-4.16,0],[0,-0.17],[4.16,0],[0,0]],"v":[[19.56,0.51],[10.65,1.63],[0,0.01],[10.65,1.26],[19.56,0.51]]}}},{"ty":"fl","bm":0,"hd":false,"nm":"","c":{"a":0,"k":[0.6984,0.8192,0.9305]},"r":1,"o":{"a":0,"k":100}}],"ind":5},{"ty":4,"nm":"Vector 51 (Stroke)","sr":1,"st":0,"op":61.12,"ip":0,"hd":false,"ddd":0,"bm":0,"hasMask":false,"ao":0,"ks":{"a":{"a":0,"k":[2.26,11.9]},"s":{"a":0,"k":[100,100]},"sk":{"a":0,"k":0},"p":{"a":0,"k":[4.6,31.93]},"r":{"a":0,"k":168.4},"sa":{"a":0,"k":0},"o":{"a":0,"k":100}},"ef":[{"ty":29,"nm":"","en":1,"ef":[{"ty":0,"nm":"sigma","v":{"a":1,"k":[{"o":{"x":0,"y":0},"i":{"x":1,"y":1},"s":[10.825857162475586],"t":0},{"o":{"x":0,"y":0},"i":{"x":1,"y":1},"s":[10.825857162475586],"t":30},{"s":[10.825857162475586],"t":60}]}},{"ty":0,"nm":"","v":{"a":0,"k":1}},{"ty":0,"nm":"","v":{"a":0,"k":0}}]}],"shapes":[{"ty":"sh","bm":0,"hd":false,"nm":"","d":1,"ks":{"a":0,"k":{"c":true,"i":[[0,0],[1.69,3.11],[0,0],[0.41,-4.28],[0,0],[0.45,-1.47],[0,0],[0,0],[0,0],[-0.14,1.45],[0,0]],"o":[[0.37,-3.88],[0,0],[1.86,3.42],[0,0],[-0.15,1.59],[0,0],[0,0],[0,0],[0.41,-1.34],[0,0],[0,0]],"v":[[3.31,12.34],[0.07,2.09],[2.54,0],[4.37,12.54],[4.32,13.06],[3.41,17.66],[0.98,23.8],[0,23.21],[2.43,17.06],[3.26,12.86],[3.31,12.34]]}}},{"ty":"gf","bm":0,"hd":false,"nm":"","e":{"a":1,"k":[{"o":{"x":0,"y":0},"i":{"x":1,"y":1},"s":[13.294400215148926,32.256500244140625],"t":0},{"o":{"x":0,"y":0},"i":{"x":1,"y":1},"s":[13.294400215148926,32.256500244140625],"t":30},{"s":[13.294400215148926,32.256500244140625],"t":60}]},"g":{"p":3,"k":{"a":0,"k":[0,1,1,1,0.5849999785423279,1,1,1,1,1,1,1,0,0,0.5849999785423279,0.4,1,0.1]}},"t":1,"a":{"a":0,"k":0},"h":{"a":0,"k":0},"s":{"a":1,"k":[{"o":{"x":0,"y":0},"i":{"x":1,"y":1},"s":[13.294400215148926,11],"t":0},{"o":{"x":0,"y":0},"i":{"x":1,"y":1},"s":[13.294400215148926,11],"t":30},{"s":[13.294400215148926,11],"t":60}]},"r":2,"o":{"a":0,"k":100}}],"ind":6},{"ty":4,"nm":"Vector 51 (Stroke)","sr":1,"st":0,"op":61.12,"ip":0,"hd":false,"ddd":0,"bm":0,"hasMask":false,"ao":0,"ks":{"a":{"a":0,"k":[2.64,12.34]},"s":{"a":0,"k":[100,100]},"sk":{"a":0,"k":0},"p":{"a":0,"k":[44.27,23.66]},"r":{"a":0,"k":-7.74},"sa":{"a":0,"k":0},"o":{"a":0,"k":100}},"ef":[{"ty":29,"nm":"","en":1,"ef":[{"ty":0,"nm":"sigma","v":{"a":1,"k":[{"o":{"x":0,"y":0},"i":{"x":1,"y":1},"s":[10.825857162475586],"t":0},{"o":{"x":0,"y":0},"i":{"x":1,"y":1},"s":[10.825857162475586],"t":30},{"s":[10.825857162475586],"t":60}]}},{"ty":0,"nm":"","v":{"a":0,"k":1}},{"ty":0,"nm":"","v":{"a":0,"k":0}}]}],"shapes":[{"ty":"sh","bm":0,"hd":false,"nm":"","d":1,"ks":{"a":0,"k":{"c":true,"i":[[0,0],[2.01,3.6],[0,0],[0.48,-4.97],[0,0],[0.53,-1.7],[0,0],[0,0],[0,0],[-0.16,1.68],[0,0]],"o":[[0.44,-4.5],[0,0],[2.21,3.97],[0,0],[-0.18,1.84],[0,0],[0,0],[0,0],[0.49,-1.56],[0,0],[0,0]],"v":[[3.85,14.32],[0,2.43],[2.94,0],[5.1,14.55],[5.04,15.16],[3.96,20.5],[2.34,24.67],[1.18,23.98],[2.8,19.8],[3.79,14.92],[3.85,14.32]]}}},{"ty":"gf","bm":0,"hd":false,"nm":"","e":{"a":1,"k":[{"o":{"x":0,"y":0},"i":{"x":1,"y":1},"s":[13.638299942016602,35.67100143432617],"t":0},{"o":{"x":0,"y":0},"i":{"x":1,"y":1},"s":[13.638299942016602,35.67100143432617],"t":30},{"s":[13.638299942016602,35.67100143432617],"t":60}]},"g":{"p":3,"k":{"a":0,"k":[0,1,1,1,0.6549999713897705,1,1,1,1,1,1,1,0,0,0.6549999713897705,0.4,1,0]}},"t":1,"a":{"a":0,"k":0},"h":{"a":0,"k":0},"s":{"a":1,"k":[{"o":{"x":0,"y":0},"i":{"x":1,"y":1},"s":[13.638299942016602,11],"t":0},{"o":{"x":0,"y":0},"i":{"x":1,"y":1},"s":[13.638299942016602,11],"t":30},{"s":[13.638299942016602,11],"t":60}]},"r":2,"o":{"a":0,"k":100}}],"ind":7},{"ty":4,"nm":"Rectangle 4793","sr":1,"st":0,"op":61.12,"ip":0,"hd":false,"ddd":0,"bm":0,"hasMask":false,"ao":0,"ks":{"a":{"a":0,"k":[12.52,14.52]},"s":{"a":0,"k":[100,100]},"sk":{"a":0,"k":0},"p":{"a":0,"k":[24.86,25.11]},"r":{"a":0,"k":0},"sa":{"a":0,"k":0},"o":{"a":0,"k":100}},"shapes":[{"ty":"sh","bm":0,"hd":false,"nm":"","d":1,"ks":{"a":0,"k":{"c":true,"i":[[0,0],[-2.17,0.4],[0,0],[-4.65,-0.86],[0,0],[-0.32,-2.18],[0,0],[0.75,-5.07],[0,0],[2.17,-0.4],[0,0],[4.65,0.86],[0,0],[0.32,2.18],[0,0],[-0.75,5.07],[0,0]],"o":[[0.32,-2.18],[0,0],[4.65,-0.86],[0,0],[2.17,0.4],[0,0],[0.75,5.07],[0,0],[-0.32,2.18],[0,0],[-4.65,0.86],[0,0],[-2.17,-0.4],[0,0],[-0.75,-5.07],[0,0],[0,0]],"v":[[1.32,5.62],[5.49,1.3],[5.49,1.3],[19.55,1.3],[19.55,1.3],[23.72,5.62],[23.91,6.87],[23.91,22.16],[23.72,23.41],[19.55,27.73],[19.55,27.73],[5.49,27.73],[5.49,27.73],[1.32,23.41],[1.13,22.16],[1.13,6.87],[1.32,5.62]]}}},{"ty":"fl","bm":0,"hd":false,"nm":"","c":{"a":0,"k":[0.4422,0.6375,0.8283]},"r":1,"o":{"a":0,"k":100}}],"ind":8},{"ty":4,"nm":"Subtract","sr":1,"st":0,"op":61.12,"ip":0,"hd":false,"ddd":0,"bm":0,"hasMask":false,"ao":0,"ks":{"a":{"a":0,"k":[14.57,16.84]},"s":{"a":0,"k":[100,100]},"sk":{"a":0,"k":0},"p":{"a":0,"k":[24.85,25.11]},"r":{"a":0,"k":0},"sa":{"a":0,"k":0},"o":{"a":0,"k":100}},"shapes":[{"ty":"sh","bm":0,"hd":false,"nm":"","d":1,"ks":{"a":0,"k":{"c":true,"i":[[0,0],[0.4,-2.67],[0,0],[-0.92,-6.16],[0,0],[-2.65,-0.49],[-5.66,1.04],[-0.4,2.67],[0,0],[0.92,6.16],[0,0],[2.65,0.49],[5.66,-1.04]],"o":[[-2.65,0.49],[0,0],[-0.92,6.16],[0,0],[0.4,2.67],[5.66,1.04],[2.65,-0.49],[0,0],[0.92,-6.16],[0,0],[-0.4,-2.67],[-5.66,-1.04],[0,0]],"v":[[6.01,0.78],[0.91,6.06],[0.69,7.54],[0.69,26.13],[0.91,27.62],[6.01,32.89],[23.13,32.89],[28.23,27.62],[28.45,26.13],[28.45,7.54],[28.23,6.06],[23.13,0.78],[6.01,0.78]]}}},{"ty":"sh","bm":0,"hd":false,"nm":"","d":1,"ks":{"a":0,"k":{"c":true,"i":[[0,0],[0.32,-2.18],[0,0],[-0.75,-5.07],[0,0],[-2.17,-0.4],[-4.65,0.86],[-0.32,2.18],[0,0],[0.75,5.07],[0,0],[2.17,0.4],[4.65,-0.86]],"o":[[-2.17,0.4],[0,0],[-0.75,5.07],[0,0],[0.32,2.18],[4.65,0.86],[2.17,-0.4],[0,0],[0.75,-5.07],[0,0],[-0.32,-2.18],[-4.65,-0.86],[0,0]],"v":[[7.54,3.62],[3.37,7.94],[3.18,9.2],[3.18,24.48],[3.37,25.74],[7.54,30.06],[21.6,30.06],[25.77,25.74],[25.96,24.48],[25.96,9.2],[25.77,7.94],[21.6,3.62],[7.54,3.62]]}}},{"ty":"fl","bm":0,"hd":false,"nm":"","c":{"a":0,"k":[0.4422,0.6375,0.8283]},"r":2,"o":{"a":0,"k":100}}],"ind":9},{"ty":4,"nm":"Subtract","sr":1,"st":0,"op":61.12,"ip":0,"hd":false,"ddd":0,"bm":0,"hasMask":false,"ao":0,"ks":{"a":{"a":0,"k":[23.92,24.48]},"s":{"a":0,"k":[100,100]},"sk":{"a":0,"k":0},"p":{"a":0,"k":[24.67,24.48]},"r":{"a":0,"k":0},"sa":{"a":0,"k":0},"o":{"a":0,"k":100}},"ef":[{"ty":25,"nm":"","en":1,"ef":[{"ty":2,"nm":"color","v":{"a":0,"k":[0,0,0,0.25]}},{"ty":0,"nm":"opacity","v":{"a":0,"k":64}},{"ty":1,"nm":"angle","v":{"a":0,"k":233.97}},{"ty":0,"nm":"distance","v":{"a":0,"k":32.58}},{"ty":0,"nm":"blur","v":{"a":0,"k":86.61}}]},{"ty":25,"nm":"","en":1,"ef":[{"ty":2,"nm":"color","v":{"a":0,"k":[0.2,0.2,0.2,0.3]}},{"ty":0,"nm":"opacity","v":{"a":0,"k":76.8}},{"ty":1,"nm":"angle","v":{"a":0,"k":123.99}},{"ty":0,"nm":"distance","v":{"a":0,"k":2.46}},{"ty":0,"nm":"blur","v":{"a":0,"k":7.94}}]},{"ty":25,"nm":"","en":1,"ef":[{"ty":2,"nm":"color","v":{"a":1,"k":[{"o":{"x":0.167,"y":0.167},"i":{"x":0.833,"y":0.833},"s":[0,0,0],"t":0},{"s":[0,0,0,0.25],"t":30}]}},{"ty":0,"nm":"opacity","v":{"a":1,"k":[{"o":{"x":0.167,"y":0.167},"i":{"x":0.833,"y":0.833},"s":[0],"t":0},{"s":[64],"t":30}]}},{"ty":1,"nm":"angle","v":{"a":1,"k":[{"o":{"x":0.167,"y":0.167},"i":{"x":0.833,"y":0.833},"s":[0],"t":0},{"s":[233.97],"t":30}]}},{"ty":0,"nm":"distance","v":{"a":1,"k":[{"o":{"x":0.167,"y":0.167},"i":{"x":0.833,"y":0.833},"s":[0],"t":0},{"s":[32.58],"t":30}]}},{"ty":0,"nm":"blur","v":{"a":1,"k":[{"o":{"x":0.167,"y":0.167},"i":{"x":0.833,"y":0.833},"s":[0],"t":0},{"s":[86.61],"t":30}]}}]},{"ty":25,"nm":"","en":1,"ef":[{"ty":2,"nm":"color","v":{"a":1,"k":[{"o":{"x":0.167,"y":0.167},"i":{"x":0.833,"y":0.833},"s":[0,0,0],"t":0},{"o":{"x":0,"y":0},"i":{"x":1,"y":1},"s":[0.2,0.2,0.2,0.3],"t":30},{"s":[0,0,0,0.25],"t":60}]}},{"ty":0,"nm":"opacity","v":{"a":1,"k":[{"o":{"x":0.167,"y":0.167},"i":{"x":0.833,"y":0.833},"s":[0],"t":0},{"o":{"x":0,"y":0},"i":{"x":1,"y":1},"s":[76.8],"t":30},{"s":[64],"t":60}]}},{"ty":1,"nm":"angle","v":{"a":1,"k":[{"o":{"x":0.167,"y":0.167},"i":{"x":0.833,"y":0.833},"s":[0],"t":0},{"o":{"x":0,"y":0},"i":{"x":1,"y":1},"s":[123.99],"t":30},{"s":[233.97],"t":60}]}},{"ty":0,"nm":"distance","v":{"a":1,"k":[{"o":{"x":0.167,"y":0.167},"i":{"x":0.833,"y":0.833},"s":[0],"t":0},{"o":{"x":0,"y":0},"i":{"x":1,"y":1},"s":[2.46],"t":30},{"s":[32.58],"t":60}]}},{"ty":0,"nm":"blur","v":{"a":1,"k":[{"o":{"x":0.167,"y":0.167},"i":{"x":0.833,"y":0.833},"s":[0],"t":0},{"o":{"x":0,"y":0},"i":{"x":1,"y":1},"s":[7.94],"t":30},{"s":[86.61],"t":60}]}}]},{"ty":25,"nm":"","en":1,"ef":[{"ty":2,"nm":"color","v":{"a":1,"k":[{"o":{"x":0.167,"y":0.167},"i":{"x":0.833,"y":0.833},"s":[0,0,0],"t":0},{"s":[0.2,0.2,0.2,0.3],"t":60}]}},{"ty":0,"nm":"opacity","v":{"a":1,"k":[{"o":{"x":0.167,"y":0.167},"i":{"x":0.833,"y":0.833},"s":[0],"t":0},{"s":[76.8],"t":60}]}},{"ty":1,"nm":"angle","v":{"a":1,"k":[{"o":{"x":0.167,"y":0.167},"i":{"x":0.833,"y":0.833},"s":[0],"t":0},{"s":[123.99],"t":60}]}},{"ty":0,"nm":"distance","v":{"a":1,"k":[{"o":{"x":0.167,"y":0.167},"i":{"x":0.833,"y":0.833},"s":[0],"t":0},{"s":[2.46],"t":60}]}},{"ty":0,"nm":"blur","v":{"a":1,"k":[{"o":{"x":0.167,"y":0.167},"i":{"x":0.833,"y":0.833},"s":[0],"t":0},{"s":[7.94],"t":60}]}}]}],"shapes":[{"ty":"sh","bm":0,"hd":false,"nm":"","d":1,"ks":{"a":0,"k":{"c":true,"i":[[0,0],[-0.72,13.07],[7.72,6.17],[5.52,-0.36],[3.12,-3.83],[0.92,-0.94],[0,-6.96],[-10.01,0]],"o":[[12.39,0],[0.72,-13.07],[-5.17,-4.13],[-6.2,0.4],[-0.92,1.13],[-4.26,4.37],[0,13.56],[0,0]],"v":[[23.46,48.97],[47.72,29.63],[38.51,6.43],[21.69,0.03],[8.89,8.54],[6.16,11.7],[0,27.39],[23.46,48.97]]}}},{"ty":"sh","bm":0,"hd":false,"nm":"","d":1,"ks":{"a":0,"k":{"c":true,"i":[[0,0],[0.31,-2.3],[0,0],[-0.81,-5.96],[0,0],[-2.28,-0.46],[-5.33,1.07],[-0.31,2.3],[0,0],[0.81,5.96],[0,0],[2.28,0.46],[5.33,-1.07]],"o":[[-2.28,0.46],[0,0],[-0.81,5.96],[0,0],[0.31,2.3],[5.33,1.07],[2.28,-0.46],[0,0],[0.81,-5.96],[0,0],[-0.31,-2.3],[-5.33,-1.07],[0,0]],"v":[[16.02,9.1],[11.69,13.71],[11.36,16.12],[11.36,34.09],[11.69,36.5],[16.02,41.11],[32.17,41.11],[36.5,36.5],[36.82,34.09],[36.82,16.12],[36.5,13.71],[32.17,9.1],[16.02,9.1]]}}},{"ty":"fl","bm":0,"hd":false,"nm":"","c":{"a":0,"k":[0.4422,0.6375,0.8283]},"r":2,"o":{"a":0,"k":100}}],"ind":10}]}]}