{"nm":"ìµë¬´ì4","ddd":0,"h":900,"w":1200,"meta":{"g":"LottieFiles Figma v78"},"layers":[{"ty":4,"nm":"Vector 375","sr":1,"st":0,"op":61.12,"ip":0,"hd":false,"ddd":0,"bm":0,"hasMask":false,"ao":0,"ks":{"a":{"a":0,"k":[51.93,29.42]},"s":{"a":0,"k":[100,100]},"sk":{"a":0,"k":0},"p":{"a":1,"k":[{"o":{"x":0,"y":0},"i":{"x":1,"y":1},"s":[512.66,348.35],"t":0},{"o":{"x":0,"y":0},"i":{"x":1,"y":1},"s":[512.66,418.35],"t":30},{"s":[512.66,348.35],"t":60}]},"r":{"a":0,"k":0},"sa":{"a":0,"k":0},"o":{"a":0,"k":100}},"shapes":[{"ty":"sh","bm":0,"hd":false,"nm":"","d":1,"ks":{"a":0,"k":{"c":true,"i":[[0,0],[-13.67,-8],[15.5,1.5],[11,11],[-24,12]],"o":[[19.2,-9.6],[17,10],[-15.74,-1.52],[-11,-11],[0,0]],"v":[[32.54,3.3],[97.54,15.3],[78.04,40.3],[3.54,56.3],[32.54,3.3]]}}},{"ty":"fl","bm":0,"hd":false,"nm":"","c":{"a":0,"k":[1,0.9295,0.4353]},"r":1,"o":{"a":0,"k":100}}],"ind":1},{"ty":0,"nm":"letter","sr":1,"st":0,"op":61.12,"ip":0,"hd":false,"ddd":0,"bm":0,"hasMask":false,"ao":0,"ks":{"a":{"a":0,"k":[105.4,66.75]},"s":{"a":0,"k":[100,100]},"sk":{"a":0,"k":0},"p":{"a":1,"k":[{"o":{"x":0,"y":0},"i":{"x":1,"y":1},"s":[500.21,423.66],"t":0},{"o":{"x":0,"y":0},"i":{"x":1,"y":1},"s":[500.21,493.66],"t":30},{"s":[500.21,423.66],"t":60}]},"r":{"a":0,"k":11.01},"sa":{"a":0,"k":0},"o":{"a":0,"k":100}},"ef":[{"ty":25,"nm":"","en":1,"ef":[{"ty":2,"nm":"color","v":{"a":1,"k":[{"o":{"x":0,"y":0},"i":{"x":1,"y":1},"s":[0.6491,0.2313,0.088,0.3],"t":0},{"o":{"x":0,"y":0},"i":{"x":1,"y":1},"s":[0.6491,0.2313,0.088,0.3],"t":30},{"s":[0.6491,0.2313,0.088,0.3],"t":60}]}},{"ty":0,"nm":"opacity","v":{"a":1,"k":[{"o":{"x":0,"y":0},"i":{"x":1,"y":1},"s":[76.8],"t":0},{"o":{"x":0,"y":0},"i":{"x":1,"y":1},"s":[76.8],"t":30},{"s":[76.8],"t":60}]}},{"ty":1,"nm":"angle","v":{"a":1,"k":[{"o":{"x":0,"y":0},"i":{"x":1,"y":1},"s":[142.42],"t":0},{"o":{"x":0,"y":0},"i":{"x":1,"y":1},"s":[142.42],"t":30},{"s":[142.42],"t":60}]}},{"ty":0,"nm":"distance","v":{"a":1,"k":[{"o":{"x":0,"y":0},"i":{"x":1,"y":1},"s":[15.57],"t":0},{"o":{"x":0,"y":0},"i":{"x":1,"y":1},"s":[15.57],"t":30},{"s":[15.57],"t":60}]}},{"ty":0,"nm":"blur","v":{"a":1,"k":[{"o":{"x":0,"y":0},"i":{"x":1,"y":1},"s":[27.86],"t":0},{"o":{"x":0,"y":0},"i":{"x":1,"y":1},"s":[27.86],"t":30},{"s":[27.86],"t":60}]}}]}],"w":1200,"h":900,"refId":"1","ind":2},{"ty":4,"nm":"Union","sr":1,"st":0,"op":61.12,"ip":0,"hd":false,"ddd":0,"bm":0,"hasMask":false,"ao":0,"ks":{"a":{"a":0,"k":[22.18,31.68]},"s":{"a":0,"k":[100,100]},"sk":{"a":0,"k":0},"p":{"a":1,"k":[{"o":{"x":0,"y":0},"i":{"x":1,"y":1},"s":[675.14,702.62],"t":0},{"o":{"x":0,"y":0},"i":{"x":1,"y":1},"s":[675.14,772.62],"t":30},{"s":[675.14,702.62],"t":60}]},"r":{"a":1,"k":[{"o":{"x":0,"y":0},"i":{"x":1,"y":1},"s":[3.47],"t":0},{"o":{"x":0,"y":0},"i":{"x":1,"y":1},"s":[19.89],"t":30},{"s":[3.47],"t":60}]},"sa":{"a":0,"k":0},"o":{"a":0,"k":100}},"shapes":[{"ty":"sh","bm":0,"hd":false,"nm":"","d":1,"ks":{"a":0,"k":{"c":true,"i":[[0,0],[1.19,-5.39],[0,0],[1.86,5.2],[5.2,-1.86],[-1.86,-5.2],[0,0],[-5.2,1.86],[-1.01,2.62],[-0.22,1.01],[0,0],[5.39,1.19]],"o":[[-5.39,-1.18],[-1.18,5.39],[0,0],[-1.86,-5.2],[-5.2,1.86],[0,0],[1.86,5.2],[2.85,-1.02],[0.49,-0.85],[0,0],[1.19,-5.39],[0,0]],"v":[[36.5,0.23],[24.59,7.86],[23,33],[19.42,9.51],[6.63,3.46],[0.59,16.24],[15.07,56.73],[27.86,62.78],[33.82,56.95],[34.9,54.15],[44.12,12.15],[36.5,0.23]]}}},{"ty":"fl","bm":0,"hd":false,"nm":"","c":{"a":0,"k":[1,0.8331,0.523]},"r":2,"o":{"a":0,"k":100}}],"ind":3},{"ty":4,"nm":"Union","sr":1,"st":0,"op":61.12,"ip":0,"hd":false,"ddd":0,"bm":0,"hasMask":false,"ao":0,"ks":{"a":{"a":0,"k":[22.18,31.68]},"s":{"a":0,"k":[100,100]},"sk":{"a":0,"k":0},"p":{"a":1,"k":[{"o":{"x":0,"y":0},"i":{"x":1,"y":1},"s":[544.18,702.68],"t":0},{"o":{"x":0,"y":0},"i":{"x":1,"y":1},"s":[544.18,772.68],"t":30},{"s":[544.18,702.68],"t":60}]},"r":{"a":1,"k":[{"o":{"x":0,"y":0},"i":{"x":1,"y":1},"s":[5.47],"t":0},{"o":{"x":0,"y":0},"i":{"x":1,"y":1},"s":[-16.21],"t":30},{"s":[5.47],"t":60}]},"sa":{"a":0,"k":0},"o":{"a":0,"k":100}},"shapes":[{"ty":"sh","bm":0,"hd":false,"nm":"","d":1,"ks":{"a":0,"k":{"c":true,"i":[[0,0],[1.19,-5.39],[0,0],[1.86,5.2],[5.2,-1.86],[-1.86,-5.2],[0,0],[-5.2,1.86],[-1.01,2.62],[-0.22,1.01],[0,0],[5.39,1.19]],"o":[[-5.39,-1.18],[-1.18,5.39],[0,0],[-1.86,-5.2],[-5.2,1.86],[0,0],[1.86,5.2],[2.85,-1.02],[0.49,-0.85],[0,0],[1.19,-5.39],[0,0]],"v":[[36.5,0.23],[24.59,7.86],[23,33],[19.42,9.51],[6.63,3.46],[0.59,16.24],[15.07,56.73],[27.86,62.78],[33.82,56.95],[34.9,54.15],[44.12,12.15],[36.5,0.23]]}}},{"ty":"fl","bm":0,"hd":false,"nm":"","c":{"a":0,"k":[1,0.8331,0.523]},"r":2,"o":{"a":0,"k":100}}],"ind":4},{"ty":4,"nm":"Ellipse 1265","sr":1,"st":0,"op":61.12,"ip":0,"hd":false,"ddd":0,"bm":0,"hasMask":false,"ao":0,"ks":{"a":{"a":0,"k":[12,12]},"s":{"a":0,"k":[100,100]},"sk":{"a":0,"k":0},"p":{"a":1,"k":[{"o":{"x":0,"y":0},"i":{"x":1,"y":1},"s":[595.28,318.74],"t":0},{"o":{"x":0,"y":0},"i":{"x":1,"y":1},"s":[595.28,388.74],"t":30},{"s":[595.28,318.74],"t":60}]},"r":{"a":0,"k":0},"sa":{"a":0,"k":0},"o":{"a":0,"k":100}},"shapes":[{"ty":"sh","bm":0,"hd":false,"nm":"","d":1,"ks":{"a":0,"k":{"c":true,"i":[[0,0],[6.63,0],[0,6.63],[-6.63,0],[0,-6.63]],"o":[[0,6.63],[-6.63,0],[0,-6.63],[6.63,0],[0,0]],"v":[[24,12],[12,24],[0,12],[12,0],[24,12]]}}},{"ty":"fl","bm":0,"hd":false,"nm":"","c":{"a":0,"k":[0.1546,0.1546,0.1546]},"r":1,"o":{"a":0,"k":100}}],"ind":5},{"ty":4,"nm":"Ellipse 1264","sr":1,"st":0,"op":61.12,"ip":0,"hd":false,"ddd":0,"bm":0,"hasMask":false,"ao":0,"ks":{"a":{"a":0,"k":[12,12]},"s":{"a":0,"k":[100,100]},"sk":{"a":0,"k":0},"p":{"a":1,"k":[{"o":{"x":0,"y":0},"i":{"x":1,"y":1},"s":[476.28,298.74],"t":0},{"o":{"x":0,"y":0},"i":{"x":1,"y":1},"s":[476.28,368.74],"t":30},{"s":[476.28,298.74],"t":60}]},"r":{"a":0,"k":0},"sa":{"a":0,"k":0},"o":{"a":0,"k":100}},"shapes":[{"ty":"sh","bm":0,"hd":false,"nm":"","d":1,"ks":{"a":0,"k":{"c":true,"i":[[0,0],[6.63,0],[0,6.63],[-6.63,0],[0,-6.63]],"o":[[0,6.63],[-6.63,0],[0,-6.63],[6.63,0],[0,0]],"v":[[24,12],[12,24],[0,12],[12,0],[24,12]]}}},{"ty":"fl","bm":0,"hd":false,"nm":"","c":{"a":0,"k":[0.1546,0.1546,0.1546]},"r":1,"o":{"a":0,"k":100}}],"ind":6},{"ty":4,"nm":"Vector 374","sr":1,"st":0,"op":61.12,"ip":0,"hd":false,"ddd":0,"bm":0,"hasMask":false,"ao":0,"ks":{"a":{"a":0,"k":[56.62,62.63]},"s":{"a":0,"k":[100,100]},"sk":{"a":0,"k":0},"p":{"a":1,"k":[{"o":{"x":0,"y":0},"i":{"x":1,"y":1},"s":[651.63,177.63],"t":0},{"o":{"x":0,"y":0},"i":{"x":1,"y":1},"s":[651.63,247.63],"t":30},{"s":[651.63,177.63],"t":60}]},"r":{"a":0,"k":0},"sa":{"a":0,"k":0},"o":{"a":0,"k":100}},"shapes":[{"ty":"sh","bm":0,"hd":false,"nm":"","d":1,"ks":{"a":0,"k":{"c":true,"i":[[0,0],[-25.6,43.2],[-3,-5.5],[14.96,-28.71],[-8.96,-4.66],[7.3,-14.83],[-8.85,-2.12],[29.5,-9.5],[9.17,4.17]],"o":[[-15.17,-6],[32,-54],[2.83,5.19],[9.12,-16.23],[11.26,5.85],[6.36,-11.98],[12.5,3],[-23.6,7.6],[0,0]],"v":[[24.77,118.74],[11.27,46.74],[65.77,3.24],[55.14,53.45],[89.27,18.24],[80.96,67.9],[107.77,40.74],[81.77,121.74],[24.77,118.74]]}}},{"ty":"fl","bm":0,"hd":false,"nm":"","c":{"a":0,"k":[1,0.4079,0.3295]},"r":1,"o":{"a":0,"k":100}}],"ind":7},{"ty":4,"nm":"Ellipse 1254","sr":1,"st":0,"op":61.12,"ip":0,"hd":false,"ddd":0,"bm":0,"hasMask":false,"ao":0,"ks":{"a":{"a":0,"k":[157.5,146.5]},"s":{"a":0,"k":[100,100]},"sk":{"a":0,"k":0},"p":{"a":1,"k":[{"o":{"x":0,"y":0},"i":{"x":1,"y":1},"s":[575.78,332.24],"t":0},{"o":{"x":0,"y":0},"i":{"x":1,"y":1},"s":[575.78,402.24],"t":30},{"s":[575.78,332.24],"t":60}]},"r":{"a":0,"k":0},"sa":{"a":0,"k":0},"o":{"a":0,"k":100}},"shapes":[{"ty":"sh","bm":0,"hd":false,"nm":"","d":1,"ks":{"a":0,"k":{"c":true,"i":[[0,0],[85.48,0],[0,82.98],[-85.48,0],[0,-97.23]],"o":[[0,80.78],[-85.48,0],[0,-85.49],[88.08,-6.29],[0,0]],"v":[[315,146.74],[154.77,293],[0,146.74],[154.77,0.48],[315,146.74]]}}},{"ty":"fl","bm":0,"hd":false,"nm":"","c":{"a":0,"k":[1,0.4079,0.3295]},"r":1,"o":{"a":0,"k":100}}],"ind":8},{"ty":4,"nm":"Ellipse 1253","sr":1,"st":0,"op":61.12,"ip":0,"hd":false,"ddd":0,"bm":0,"hasMask":false,"ao":0,"ks":{"a":{"a":0,"k":[198,185]},"s":{"a":0,"k":[100,100]},"sk":{"a":0,"k":0},"p":{"a":1,"k":[{"o":{"x":0,"y":0},"i":{"x":1,"y":1},"s":[616.28,548.74],"t":0},{"o":{"x":0,"y":0},"i":{"x":1,"y":1},"s":[616.28,618.74],"t":30},{"s":[616.28,548.74],"t":60}]},"r":{"a":0,"k":0},"sa":{"a":0,"k":0},"o":{"a":0,"k":100}},"shapes":[{"ty":"sh","bm":0,"hd":false,"nm":"","d":1,"ks":{"a":0,"k":{"c":true,"i":[[0,0],[132.14,0],[0,102.17],[-121.65,0],[0,-102.17]],"o":[[0,117.04],[-105.65,0],[0,-119.14],[105.65,0],[0,0]],"v":[[396,185],[191.29,370],[0,185],[191.29,0],[396,185]]}}},{"ty":"fl","bm":0,"hd":false,"nm":"","c":{"a":0,"k":[1,0.4079,0.3295]},"r":1,"o":{"a":0,"k":100}}],"ind":9},{"ty":4,"nm":"Vector 381","sr":1,"st":0,"op":61.12,"ip":0,"hd":false,"ddd":0,"bm":0,"hasMask":false,"ao":0,"ks":{"a":{"a":0,"k":[183,130.5]},"s":{"a":0,"k":[100,-100]},"sk":{"a":0,"k":0},"p":{"a":1,"k":[{"o":{"x":0,"y":0},"i":{"x":1,"y":1},"s":[403.28,469.23],"t":0},{"o":{"x":0,"y":0},"i":{"x":1,"y":1},"s":[363.28,611.24],"t":30},{"s":[403.28,469.23],"t":60}]},"r":{"a":1,"k":[{"o":{"x":0,"y":0},"i":{"x":1,"y":1},"s":[-177.14],"t":0},{"o":{"x":0,"y":0},"i":{"x":1,"y":1},"s":[-228.45],"t":30},{"s":[-177.14],"t":60}]},"sa":{"a":0,"k":0},"o":{"a":0,"k":100}},"shapes":[{"ty":"sh","bm":0,"hd":false,"nm":"","d":1,"ks":{"a":0,"k":{"c":true,"i":[[0,0],[1.92,-36.47],[-121.65,7.68],[-6.19,19.62],[1.54,15.87],[2.99,-2.34],[0.51,23.03],[5.34,-3.63],[14.34,14.84],[45.46,-21.75],[101.8,-14.71]],"o":[[-81.44,11.77],[-10.88,68.45],[97.32,-6.14],[16.22,-11.52],[-1.54,-15.87],[7.26,-6.61],[-0.51,-23.03],[10.46,-11.73],[-17.93,-18.55],[-45.46,21.75],[0,0]],"v":[[108.93,54.11],[1.36,178.23],[166.55,259.48],[306.77,192.94],[353.51,138.56],[342.62,125.77],[363.75,77.15],[347.11,59.23],[360.55,5.49],[254.91,41.32],[108.93,54.11]]}}},{"ty":"fl","bm":0,"hd":false,"nm":"","c":{"a":0,"k":[0.9097,0.3253,0.2479]},"r":1,"o":{"a":0,"k":100}}],"ind":10},{"ty":4,"nm":"Vector 380","sr":1,"st":0,"op":61.12,"ip":0,"hd":false,"ddd":0,"bm":0,"hasMask":false,"ao":0,"ks":{"a":{"a":0,"k":[197,140.5]},"s":{"a":0,"k":[100,100]},"sk":{"a":0,"k":0},"p":{"a":1,"k":[{"o":{"x":0,"y":0},"i":{"x":1,"y":1},"s":[812.54,455.71],"t":0},{"o":{"x":0,"y":0},"i":{"x":1,"y":1},"s":[812.54,593.71],"t":30},{"s":[812.54,455.71],"t":60}]},"r":{"a":1,"k":[{"o":{"x":0,"y":0},"i":{"x":1,"y":1},"s":[-4.56],"t":0},{"o":{"x":0,"y":0},"i":{"x":1,"y":1},"s":[37.27],"t":30},{"s":[-4.56],"t":60}]},"sa":{"a":0,"k":0},"o":{"a":0,"k":100}},"shapes":[{"ty":"sh","bm":0,"hd":false,"nm":"","d":1,"ks":{"a":0,"k":{"c":true,"i":[[0,0],[2.07,-39.26],[-130.96,8.26],[-6.66,21.12],[1.65,17.08],[3.22,-2.53],[0.55,24.8],[5.74,-3.9],[15.44,15.98],[48.94,-23.42],[109.59,-15.84]],"o":[[-87.67,12.67],[-11.72,73.7],[104.77,-6.61],[17.46,-12.4],[-1.65,-17.08],[7.81,-7.12],[-0.55,-24.8],[11.26,-12.63],[-19.3,-19.97],[-48.94,23.42],[0,0]],"v":[[117.26,58.26],[1.46,191.89],[179.29,279.36],[330.24,207.73],[380.55,149.18],[368.84,135.41],[391.58,83.06],[373.66,63.77],[388.13,5.91],[274.41,44.49],[117.26,58.26]]}}},{"ty":"fl","bm":0,"hd":false,"nm":"","c":{"a":0,"k":[0.9097,0.3253,0.2479]},"r":1,"o":{"a":0,"k":100}}],"ind":11}],"v":"5.7.0","fr":60,"op":60.12,"ip":0,"assets":[{"nm":"[Asset] letter","id":"1","layers":[{"ty":0,"nm":"wax","sr":1,"st":0,"op":61.12,"ip":0,"hd":false,"ddd":0,"bm":0,"hasMask":false,"ao":0,"ks":{"a":{"a":0,"k":[24.3,24.48]},"s":{"a":0,"k":[100,100]},"sk":{"a":0,"k":0},"p":{"a":0,"k":[105.11,63.14]},"r":{"a":0,"k":0},"sa":{"a":0,"k":0},"o":{"a":0,"k":100}},"w":1200,"h":900,"refId":"2","ind":1},{"ty":4,"nm":"Rectangle 6859","sr":1,"st":0,"op":61.12,"ip":0,"hd":false,"ddd":0,"bm":0,"hasMask":false,"ao":0,"ks":{"a":{"a":0,"k":[105.4,29.86]},"s":{"a":0,"k":[100,100]},"sk":{"a":0,"k":0},"p":{"a":0,"k":[105.4,29.86]},"r":{"a":0,"k":0},"sa":{"a":0,"k":0},"o":{"a":0,"k":100}},"ef":[{"ty":25,"nm":"","en":1,"ef":[{"ty":2,"nm":"color","v":{"a":1,"k":[{"o":{"x":0,"y":0},"i":{"x":1,"y":1},"s":[0.9138,0.902,0.8589],"t":0},{"o":{"x":0,"y":0},"i":{"x":1,"y":1},"s":[0.9138,0.902,0.8589],"t":30},{"s":[0.9138,0.902,0.8589],"t":60}]}},{"ty":0,"nm":"opacity","v":{"a":1,"k":[{"o":{"x":0,"y":0},"i":{"x":1,"y":1},"s":[256],"t":0},{"o":{"x":0,"y":0},"i":{"x":1,"y":1},"s":[256],"t":30},{"s":[256],"t":60}]}},{"ty":1,"nm":"angle","v":{"a":1,"k":[{"o":{"x":0,"y":0},"i":{"x":1,"y":1},"s":[168.99],"t":0},{"o":{"x":0,"y":0},"i":{"x":1,"y":1},"s":[168.99],"t":30},{"s":[168.99],"t":60}]}},{"ty":0,"nm":"distance","v":{"a":1,"k":[{"o":{"x":0,"y":0},"i":{"x":1,"y":1},"s":[3.48],"t":0},{"o":{"x":0,"y":0},"i":{"x":1,"y":1},"s":[3.48],"t":30},{"s":[3.48],"t":60}]}},{"ty":0,"nm":"blur","v":{"a":1,"k":[{"o":{"x":0,"y":0},"i":{"x":1,"y":1},"s":[13.93],"t":0},{"o":{"x":0,"y":0},"i":{"x":1,"y":1},"s":[13.93],"t":30},{"s":[13.93],"t":60}]}}]}],"shapes":[{"ty":"sh","bm":0,"hd":false,"nm":"","d":1,"ks":{"a":0,"k":{"c":true,"i":[[0,0],[0,0],[0,0],[0,0]],"o":[[0,0],[0,0],[0,0],[0,0]],"v":[[210.81,0],[0,0],[105.4,59.73],[210.81,0]]}}},{"ty":"fl","bm":0,"hd":false,"nm":"","c":{"a":0,"k":[0.9765,0.9726,0.953]},"r":1,"o":{"a":0,"k":100}}],"ind":2},{"ty":4,"nm":"Rectangle 6858","sr":1,"st":0,"op":61.12,"ip":0,"hd":false,"ddd":0,"bm":0,"hasMask":false,"ao":0,"ks":{"a":{"a":0,"k":[105.4,66.75]},"s":{"a":0,"k":[100,100]},"sk":{"a":0,"k":0},"p":{"a":0,"k":[105.4,66.75]},"r":{"a":0,"k":0},"sa":{"a":0,"k":0},"o":{"a":0,"k":100}},"shapes":[{"ty":"sh","bm":0,"hd":false,"nm":"","d":1,"ks":{"a":0,"k":{"c":true,"i":[[0,0],[0,0],[0,0],[0,0]],"o":[[0,0],[0,0],[0,0],[0,0]],"v":[[210.81,0],[210.81,133.51],[0,133.51],[0,0]]}}},{"ty":"fl","bm":0,"hd":false,"nm":"","c":{"a":0,"k":[0.9765,0.9726,0.953]},"r":1,"o":{"a":0,"k":100}}],"ind":3}]},{"nm":"[Asset] wax","id":"2","layers":[{"ty":4,"nm":"Vector 52 (Stroke)","sr":1,"st":0,"op":61.12,"ip":0,"hd":false,"ddd":0,"bm":0,"hasMask":false,"ao":0,"ks":{"a":{"a":0,"k":[5.36,7.6]},"s":{"a":0,"k":[100,100]},"sk":{"a":0,"k":0},"p":{"a":0,"k":[11.58,38.63]},"r":{"a":0,"k":0},"sa":{"a":0,"k":0},"o":{"a":0,"k":100}},"ef":[{"ty":29,"nm":"","en":1,"ef":[{"ty":0,"nm":"sigma","v":{"a":1,"k":[{"o":{"x":0,"y":0},"i":{"x":1,"y":1},"s":[6.889182090759277],"t":0},{"o":{"x":0,"y":0},"i":{"x":1,"y":1},"s":[6.889182090759277],"t":30},{"s":[6.889182090759277],"t":60}]}},{"ty":0,"nm":"","v":{"a":0,"k":1}},{"ty":0,"nm":"","v":{"a":0,"k":0}}]}],"shapes":[{"ty":"sh","bm":0,"hd":false,"nm":"","d":1,"ks":{"a":0,"k":{"c":true,"i":[[0,0],[0,0],[0,0],[0,0],[0,0],[0,0],[-4.07,0.44],[0,0],[1.1,6.64],[0,0]],"o":[[0,0],[0,0],[0,0],[0,0],[0,0],[0.96,5.78],[0,0],[-4.68,0.5],[0,0],[0,0]],"v":[[0,0.25],[1.74,0],[3.96,5.66],[3.77,7.92],[1.84,3.68],[1.91,4.09],[10.62,13.36],[10.72,15.16],[0.7,4.52],[0,0.25]]}}},{"ty":"gf","bm":0,"hd":false,"nm":"","e":{"a":1,"k":[{"o":{"x":0,"y":0},"i":{"x":1,"y":1},"s":[12.35789966583252,21.946399688720703],"t":0},{"o":{"x":0,"y":0},"i":{"x":1,"y":1},"s":[12.35789966583252,21.946399688720703],"t":30},{"s":[12.35789966583252,21.946399688720703],"t":60}]},"g":{"p":2,"k":{"a":0,"k":[0,0.5954901960784313,0.7551372549019608,0.9075294117647058,1,0.5216078431372548,0.694156862745098,0.8588627450980392,0,1,1,0]}},"t":1,"a":{"a":0,"k":0},"h":{"a":0,"k":0},"s":{"a":1,"k":[{"o":{"x":0,"y":0},"i":{"x":1,"y":1},"s":[12.35789966583252,6.214159965515137],"t":0},{"o":{"x":0,"y":0},"i":{"x":1,"y":1},"s":[12.35789966583252,6.214159965515137],"t":30},{"s":[12.35789966583252,6.214159965515137],"t":60}]},"r":2,"o":{"a":0,"k":100}}],"ind":1},{"ty":4,"nm":"Ellipse 2636","sr":1,"st":0,"op":61.12,"ip":0,"hd":false,"ddd":0,"bm":0,"hasMask":false,"ao":0,"ks":{"a":{"a":0,"k":[12.4,0.81]},"s":{"a":0,"k":[100,100]},"sk":{"a":0,"k":0},"p":{"a":0,"k":[37.44,25.1]},"r":{"a":0,"k":-90},"sa":{"a":0,"k":0},"o":{"a":0,"k":100}},"ef":[{"ty":29,"nm":"","en":1,"ef":[{"ty":0,"nm":"sigma","v":{"a":1,"k":[{"o":{"x":0,"y":0},"i":{"x":1,"y":1},"s":[5.905013084411621],"t":0},{"o":{"x":0,"y":0},"i":{"x":1,"y":1},"s":[5.905013084411621],"t":30},{"s":[5.905013084411621],"t":60}]}},{"ty":0,"nm":"","v":{"a":0,"k":1}},{"ty":0,"nm":"","v":{"a":0,"k":0}}]}],"shapes":[{"ty":"sh","bm":0,"hd":false,"nm":"","d":1,"ks":{"a":0,"k":{"c":true,"i":[[0,0],[5.28,0],[0,0.17],[-5.28,0],[0,-0.17]],"o":[[0,0.17],[-5.28,0],[0,-0.17],[5.28,0],[0,0]],"v":[[24.8,0.51],[13.5,1.62],[0,0.01],[13.5,1.25],[24.8,0.51]]}}},{"ty":"fl","bm":0,"hd":false,"nm":"","c":{"a":0,"k":[0.6984,0.8192,0.9305]},"r":1,"o":{"a":0,"k":100}}],"ind":2},{"ty":4,"nm":"Ellipse 2635","sr":1,"st":0,"op":61.12,"ip":0,"hd":false,"ddd":0,"bm":0,"hasMask":false,"ao":0,"ks":{"a":{"a":0,"k":[12.4,0.81]},"s":{"a":0,"k":[100,100]},"sk":{"a":0,"k":0},"p":{"a":0,"k":[12.4,24.23]},"r":{"a":0,"k":90},"sa":{"a":0,"k":0},"o":{"a":0,"k":100}},"ef":[{"ty":29,"nm":"","en":1,"ef":[{"ty":0,"nm":"sigma","v":{"a":1,"k":[{"o":{"x":0,"y":0},"i":{"x":1,"y":1},"s":[5.905013084411621],"t":0},{"o":{"x":0,"y":0},"i":{"x":1,"y":1},"s":[5.905013084411621],"t":30},{"s":[5.905013084411621],"t":60}]}},{"ty":0,"nm":"","v":{"a":0,"k":1}},{"ty":0,"nm":"","v":{"a":0,"k":0}}]}],"shapes":[{"ty":"sh","bm":0,"hd":false,"nm":"","d":1,"ks":{"a":0,"k":{"c":true,"i":[[0,0],[5.28,0],[0,0.17],[-5.28,0],[0,-0.17]],"o":[[0,0.17],[-5.28,0],[0,-0.17],[5.28,0],[0,0]],"v":[[24.8,0.51],[13.5,1.62],[0,0.01],[13.5,1.25],[24.8,0.51]]}}},{"ty":"fl","bm":0,"hd":false,"nm":"","c":{"a":0,"k":[0.6984,0.8192,0.9305]},"r":1,"o":{"a":0,"k":100}}],"ind":3},{"ty":4,"nm":"Ellipse 2634","sr":1,"st":0,"op":61.12,"ip":0,"hd":false,"ddd":0,"bm":0,"hasMask":false,"ao":0,"ks":{"a":{"a":0,"k":[9.78,0.82]},"s":{"a":0,"k":[100,100]},"sk":{"a":0,"k":0},"p":{"a":0,"k":[25.25,10.08]},"r":{"a":0,"k":178.33},"sa":{"a":0,"k":0},"o":{"a":0,"k":100}},"ef":[{"ty":29,"nm":"","en":1,"ef":[{"ty":0,"nm":"sigma","v":{"a":1,"k":[{"o":{"x":0,"y":0},"i":{"x":1,"y":1},"s":[5.905013084411621],"t":0},{"o":{"x":0,"y":0},"i":{"x":1,"y":1},"s":[5.905013084411621],"t":30},{"s":[5.905013084411621],"t":60}]}},{"ty":0,"nm":"","v":{"a":0,"k":1}},{"ty":0,"nm":"","v":{"a":0,"k":0}}]}],"shapes":[{"ty":"sh","bm":0,"hd":false,"nm":"","d":1,"ks":{"a":0,"k":{"c":true,"i":[[0,0],[4.16,0],[0,0.17],[-4.16,0],[0,-0.17]],"o":[[0,0.17],[-4.16,0],[0,-0.17],[4.16,0],[0,0]],"v":[[19.56,0.51],[10.65,1.63],[0,0.01],[10.65,1.26],[19.56,0.51]]}}},{"ty":"fl","bm":0,"hd":false,"nm":"","c":{"a":0,"k":[0.6984,0.8192,0.9305]},"r":1,"o":{"a":0,"k":100}}],"ind":4},{"ty":4,"nm":"Ellipse 2633","sr":1,"st":0,"op":61.12,"ip":0,"hd":false,"ddd":0,"bm":0,"hasMask":false,"ao":0,"ks":{"a":{"a":0,"k":[9.78,0.82]},"s":{"a":0,"k":[100,100]},"sk":{"a":0,"k":0},"p":{"a":0,"k":[24.48,39.55]},"r":{"a":0,"k":0},"sa":{"a":0,"k":0},"o":{"a":0,"k":100}},"ef":[{"ty":29,"nm":"","en":1,"ef":[{"ty":0,"nm":"sigma","v":{"a":1,"k":[{"o":{"x":0,"y":0},"i":{"x":1,"y":1},"s":[6.889182090759277],"t":0},{"o":{"x":0,"y":0},"i":{"x":1,"y":1},"s":[6.889182090759277],"t":30},{"s":[6.889182090759277],"t":60}]}},{"ty":0,"nm":"","v":{"a":0,"k":1}},{"ty":0,"nm":"","v":{"a":0,"k":0}}]}],"shapes":[{"ty":"sh","bm":0,"hd":false,"nm":"","d":1,"ks":{"a":0,"k":{"c":true,"i":[[0,0],[4.16,0],[0,0.17],[-4.16,0],[0,-0.17]],"o":[[0,0.17],[-4.16,0],[0,-0.17],[4.16,0],[0,0]],"v":[[19.56,0.51],[10.65,1.63],[0,0.01],[10.65,1.26],[19.56,0.51]]}}},{"ty":"fl","bm":0,"hd":false,"nm":"","c":{"a":0,"k":[0.6984,0.8192,0.9305]},"r":1,"o":{"a":0,"k":100}}],"ind":5},{"ty":4,"nm":"Vector 51 (Stroke)","sr":1,"st":0,"op":61.12,"ip":0,"hd":false,"ddd":0,"bm":0,"hasMask":false,"ao":0,"ks":{"a":{"a":0,"k":[2.26,11.9]},"s":{"a":0,"k":[100,100]},"sk":{"a":0,"k":0},"p":{"a":0,"k":[4.6,31.93]},"r":{"a":0,"k":168.4},"sa":{"a":0,"k":0},"o":{"a":0,"k":100}},"ef":[{"ty":29,"nm":"","en":1,"ef":[{"ty":0,"nm":"sigma","v":{"a":1,"k":[{"o":{"x":0,"y":0},"i":{"x":1,"y":1},"s":[10.825857162475586],"t":0},{"o":{"x":0,"y":0},"i":{"x":1,"y":1},"s":[10.825857162475586],"t":30},{"s":[10.825857162475586],"t":60}]}},{"ty":0,"nm":"","v":{"a":0,"k":1}},{"ty":0,"nm":"","v":{"a":0,"k":0}}]}],"shapes":[{"ty":"sh","bm":0,"hd":false,"nm":"","d":1,"ks":{"a":0,"k":{"c":true,"i":[[0,0],[1.69,3.11],[0,0],[0.41,-4.28],[0,0],[0.45,-1.47],[0,0],[0,0],[0,0],[-0.14,1.45],[0,0]],"o":[[0.37,-3.88],[0,0],[1.86,3.42],[0,0],[-0.15,1.59],[0,0],[0,0],[0,0],[0.41,-1.34],[0,0],[0,0]],"v":[[3.31,12.34],[0.07,2.09],[2.54,0],[4.37,12.54],[4.32,13.06],[3.41,17.66],[0.98,23.8],[0,23.21],[2.43,17.06],[3.26,12.86],[3.31,12.34]]}}},{"ty":"gf","bm":0,"hd":false,"nm":"","e":{"a":1,"k":[{"o":{"x":0,"y":0},"i":{"x":1,"y":1},"s":[13.294400215148926,32.256500244140625],"t":0},{"o":{"x":0,"y":0},"i":{"x":1,"y":1},"s":[13.294400215148926,32.256500244140625],"t":30},{"s":[13.294400215148926,32.256500244140625],"t":60}]},"g":{"p":3,"k":{"a":0,"k":[0,1,1,1,0.5849999785423279,1,1,1,1,1,1,1,0,0,0.5849999785423279,0.4,1,0.1]}},"t":1,"a":{"a":0,"k":0},"h":{"a":0,"k":0},"s":{"a":1,"k":[{"o":{"x":0,"y":0},"i":{"x":1,"y":1},"s":[13.294400215148926,11],"t":0},{"o":{"x":0,"y":0},"i":{"x":1,"y":1},"s":[13.294400215148926,11],"t":30},{"s":[13.294400215148926,11],"t":60}]},"r":2,"o":{"a":0,"k":100}}],"ind":6},{"ty":4,"nm":"Vector 51 (Stroke)","sr":1,"st":0,"op":61.12,"ip":0,"hd":false,"ddd":0,"bm":0,"hasMask":false,"ao":0,"ks":{"a":{"a":0,"k":[2.64,12.34]},"s":{"a":0,"k":[100,100]},"sk":{"a":0,"k":0},"p":{"a":0,"k":[44.27,23.66]},"r":{"a":0,"k":-7.74},"sa":{"a":0,"k":0},"o":{"a":0,"k":100}},"ef":[{"ty":29,"nm":"","en":1,"ef":[{"ty":0,"nm":"sigma","v":{"a":1,"k":[{"o":{"x":0,"y":0},"i":{"x":1,"y":1},"s":[10.825857162475586],"t":0},{"o":{"x":0,"y":0},"i":{"x":1,"y":1},"s":[10.825857162475586],"t":30},{"s":[10.825857162475586],"t":60}]}},{"ty":0,"nm":"","v":{"a":0,"k":1}},{"ty":0,"nm":"","v":{"a":0,"k":0}}]}],"shapes":[{"ty":"sh","bm":0,"hd":false,"nm":"","d":1,"ks":{"a":0,"k":{"c":true,"i":[[0,0],[2.01,3.6],[0,0],[0.48,-4.97],[0,0],[0.53,-1.7],[0,0],[0,0],[0,0],[-0.16,1.68],[0,0]],"o":[[0.44,-4.5],[0,0],[2.21,3.97],[0,0],[-0.18,1.84],[0,0],[0,0],[0,0],[0.49,-1.56],[0,0],[0,0]],"v":[[3.85,14.32],[0,2.43],[2.94,0],[5.1,14.55],[5.04,15.16],[3.96,20.5],[2.34,24.67],[1.18,23.98],[2.8,19.8],[3.79,14.92],[3.85,14.32]]}}},{"ty":"gf","bm":0,"hd":false,"nm":"","e":{"a":1,"k":[{"o":{"x":0,"y":0},"i":{"x":1,"y":1},"s":[13.638299942016602,35.67100143432617],"t":0},{"o":{"x":0,"y":0},"i":{"x":1,"y":1},"s":[13.638299942016602,35.67100143432617],"t":30},{"s":[13.638299942016602,35.67100143432617],"t":60}]},"g":{"p":3,"k":{"a":0,"k":[0,1,1,1,0.6549999713897705,1,1,1,1,1,1,1,0,0,0.6549999713897705,0.4,1,0]}},"t":1,"a":{"a":0,"k":0},"h":{"a":0,"k":0},"s":{"a":1,"k":[{"o":{"x":0,"y":0},"i":{"x":1,"y":1},"s":[13.638299942016602,11],"t":0},{"o":{"x":0,"y":0},"i":{"x":1,"y":1},"s":[13.638299942016602,11],"t":30},{"s":[13.638299942016602,11],"t":60}]},"r":2,"o":{"a":0,"k":100}}],"ind":7},{"ty":4,"nm":"Rectangle 4793","sr":1,"st":0,"op":61.12,"ip":0,"hd":false,"ddd":0,"bm":0,"hasMask":false,"ao":0,"ks":{"a":{"a":0,"k":[12.52,14.52]},"s":{"a":0,"k":[100,100]},"sk":{"a":0,"k":0},"p":{"a":0,"k":[24.86,25.11]},"r":{"a":0,"k":0},"sa":{"a":0,"k":0},"o":{"a":0,"k":100}},"shapes":[{"ty":"sh","bm":0,"hd":false,"nm":"","d":1,"ks":{"a":0,"k":{"c":true,"i":[[0,0],[-2.17,0.4],[0,0],[-4.65,-0.86],[0,0],[-0.32,-2.18],[0,0],[0.75,-5.07],[0,0],[2.17,-0.4],[0,0],[4.65,0.86],[0,0],[0.32,2.18],[0,0],[-0.75,5.07],[0,0]],"o":[[0.32,-2.18],[0,0],[4.65,-0.86],[0,0],[2.17,0.4],[0,0],[0.75,5.07],[0,0],[-0.32,2.18],[0,0],[-4.65,0.86],[0,0],[-2.17,-0.4],[0,0],[-0.75,-5.07],[0,0],[0,0]],"v":[[1.32,5.62],[5.49,1.3],[5.49,1.3],[19.55,1.3],[19.55,1.3],[23.72,5.62],[23.91,6.87],[23.91,22.16],[23.72,23.41],[19.55,27.73],[19.55,27.73],[5.49,27.73],[5.49,27.73],[1.32,23.41],[1.13,22.16],[1.13,6.87],[1.32,5.62]]}}},{"ty":"fl","bm":0,"hd":false,"nm":"","c":{"a":0,"k":[0.4422,0.6375,0.8283]},"r":1,"o":{"a":0,"k":100}}],"ind":8},{"ty":4,"nm":"Subtract","sr":1,"st":0,"op":61.12,"ip":0,"hd":false,"ddd":0,"bm":0,"hasMask":false,"ao":0,"ks":{"a":{"a":0,"k":[14.57,16.84]},"s":{"a":0,"k":[100,100]},"sk":{"a":0,"k":0},"p":{"a":0,"k":[24.85,25.11]},"r":{"a":0,"k":0},"sa":{"a":0,"k":0},"o":{"a":0,"k":100}},"shapes":[{"ty":"sh","bm":0,"hd":false,"nm":"","d":1,"ks":{"a":0,"k":{"c":true,"i":[[0,0],[0.4,-2.67],[0,0],[-0.92,-6.16],[0,0],[-2.65,-0.49],[-5.66,1.04],[-0.4,2.67],[0,0],[0.92,6.16],[0,0],[2.65,0.49],[5.66,-1.04]],"o":[[-2.65,0.49],[0,0],[-0.92,6.16],[0,0],[0.4,2.67],[5.66,1.04],[2.65,-0.49],[0,0],[0.92,-6.16],[0,0],[-0.4,-2.67],[-5.66,-1.04],[0,0]],"v":[[6.01,0.78],[0.91,6.06],[0.69,7.54],[0.69,26.13],[0.91,27.62],[6.01,32.89],[23.13,32.89],[28.23,27.62],[28.45,26.13],[28.45,7.54],[28.23,6.06],[23.13,0.78],[6.01,0.78]]}}},{"ty":"sh","bm":0,"hd":false,"nm":"","d":1,"ks":{"a":0,"k":{"c":true,"i":[[0,0],[0.32,-2.18],[0,0],[-0.75,-5.07],[0,0],[-2.17,-0.4],[-4.65,0.86],[-0.32,2.18],[0,0],[0.75,5.07],[0,0],[2.17,0.4],[4.65,-0.86]],"o":[[-2.17,0.4],[0,0],[-0.75,5.07],[0,0],[0.32,2.18],[4.65,0.86],[2.17,-0.4],[0,0],[0.75,-5.07],[0,0],[-0.32,-2.18],[-4.65,-0.86],[0,0]],"v":[[7.54,3.62],[3.37,7.94],[3.18,9.2],[3.18,24.48],[3.37,25.74],[7.54,30.06],[21.6,30.06],[25.77,25.74],[25.96,24.48],[25.96,9.2],[25.77,7.94],[21.6,3.62],[7.54,3.62]]}}},{"ty":"fl","bm":0,"hd":false,"nm":"","c":{"a":0,"k":[0.4422,0.6375,0.8283]},"r":2,"o":{"a":0,"k":100}}],"ind":9},{"ty":4,"nm":"Subtract","sr":1,"st":0,"op":61.12,"ip":0,"hd":false,"ddd":0,"bm":0,"hasMask":false,"ao":0,"ks":{"a":{"a":0,"k":[23.92,24.48]},"s":{"a":0,"k":[100,100]},"sk":{"a":0,"k":0},"p":{"a":0,"k":[24.67,24.48]},"r":{"a":0,"k":0},"sa":{"a":0,"k":0},"o":{"a":0,"k":100}},"shapes":[{"ty":"sh","bm":0,"hd":false,"nm":"","d":1,"ks":{"a":0,"k":{"c":true,"i":[[0,0],[-0.72,13.07],[7.72,6.17],[5.52,-0.36],[3.12,-3.83],[0.92,-0.94],[0,-6.96],[-10.01,0]],"o":[[12.39,0],[0.72,-13.07],[-5.17,-4.13],[-6.2,0.4],[-0.92,1.13],[-4.26,4.37],[0,13.56],[0,0]],"v":[[23.46,48.97],[47.72,29.63],[38.51,6.43],[21.69,0.03],[8.89,8.54],[6.16,11.7],[0,27.39],[23.46,48.97]]}}},{"ty":"sh","bm":0,"hd":false,"nm":"","d":1,"ks":{"a":0,"k":{"c":true,"i":[[0,0],[0.31,-2.3],[0,0],[-0.81,-5.96],[0,0],[-2.28,-0.46],[-5.33,1.07],[-0.31,2.3],[0,0],[0.81,5.96],[0,0],[2.28,0.46],[5.33,-1.07]],"o":[[-2.28,0.46],[0,0],[-0.81,5.96],[0,0],[0.31,2.3],[5.33,1.07],[2.28,-0.46],[0,0],[0.81,-5.96],[0,0],[-0.31,-2.3],[-5.33,-1.07],[0,0]],"v":[[16.02,9.1],[11.69,13.71],[11.36,16.12],[11.36,34.09],[11.69,36.5],[16.02,41.11],[32.17,41.11],[36.5,36.5],[36.82,34.09],[36.82,16.12],[36.5,13.71],[32.17,9.1],[16.02,9.1]]}}},{"ty":"fl","bm":0,"hd":false,"nm":"","c":{"a":0,"k":[0.4422,0.6375,0.8283]},"r":2,"o":{"a":0,"k":100}}],"ind":10}]}]}